rank,athlete,country,time,time_sec,sb,dnf,dob,age,sex,olympic,lockdown,prior_attend,case_pp,gdp2016,gdp2017,gdp2018,gdp2019,gdp2020,continent
1,Eliud Kipchoge,Kenya,2H 8M 38S,7718,0,0,1984-11-05,36,Men,Tokyo2020,1,1,0.00362853418087344,69188755364,78965004656,87778582964,95503088538,98842939649,Africa
2,Abdi Nageeye,Netherlands,2H 9M 58S,7798,1,0,1989-03-02,32,Men,Tokyo2020,1,1,0.10831664757596977,783528000000,831810000000,913597000000,910194000000,913865000000,Europe
3,Bashir Abdi,Belgium,2H 10M 0S,7800,1,0,1989-02-10,32,Men,Tokyo2020,1,0,0.09677157756863718,475740000000,501523000000,543411000000,533255000000,515332000000,Europe
4,Lawrence Cherono,Kenya,2H 10M 2S,7802,1,0,1988-08-07,33,Men,Tokyo2020,1,0,0.00362853418087344,69188755364,78965004656,87778582964,95503088538,98842939649,Africa
5,Ayad Lamdassem,Spain,2H 10M 16S,7816,1,0,1981-10-11,39,Men,Tokyo2020,1,0,0.09088392090280903,1232080000000,1309300000000,1420300000000,1393050000000,1281480000000,Europe
6,Suguru Osako,Japan,2H 10M 41S,7841,1,0,1991-05-23,30,Men,Tokyo2020,0,0,0.006781696875160751,5003680000000,4930840000000,5036890000000,5148780000000,4975420000000,Asia
7,Alphonce Simbu,Tanzania,2H 11M 35S,7895,1,0,1992-02-14,29,Men,Tokyo2020,0,1,8.52107987092757e-6,49774021003,53320625959,57003713748,61136873747,62409748427,Africa
8,Galen Rupp,United States,2H 11M 41S,7901,1,0,1986-05-08,35,Men,Tokyo2020,1,1,0.10431821030985437,18745100000000,19543000000000,20611900000000,21433200000000,20936600000000,North America
9,Othmane El Goumri,Morocco,2H 11M 58S,7918,0,0,1992-05-28,29,Men,Tokyo2020,1,0,0.015381994495992177,103312000000,109683000000,118096000000,119700000000,112871000000,Africa
10,Koen Naert,Belgium,2H 12M 13S,7933,1,0,1989-09-03,31,Men,Tokyo2020,1,1,0.09677157756863718,475740000000,501523000000,543411000000,533255000000,515332000000,Europe
11,Mohamed Reda El Aaraby,Morocco,2H 12M 22S,7942,0,0,1989-11-12,31,Men,Tokyo2020,1,0,0.015381994495992177,103312000000,109683000000,118096000000,119700000000,112871000000,Africa
12,Nicolas Navarro,France,2H 12M 50S,7970,1,0,1991-03-12,30,Men,Tokyo2020,1,0,0.0918954395032031,2471290000000,2588740000000,2789590000000,2728870000000,2630320000000,Africa
13,Marhu Teferi,Israel,2H 13M 2S,7982,0,0,1992-08-17,28,Men,Tokyo2020,1,1,0.0990101023148062,318617000000,352668000000,370456000000,394652000000,401954000000,Asia
14,Goitom Kifle,Eritrea,2H 13M 22S,8002,0,0,1993-12-03,27,Men,Tokyo2020,1,0,0.0018271911419578072,NA,NA,NA,NA,NA,Africa
15,Jeison Suárez,Colombia,2H 13M 29S,8009,0,0,1991-03-21,30,Men,Tokyo2020,1,0,0.09222295654468013,282825000000,311884000000,334198000000,323430000000,271347000000,South America
16,Tachlowini Gabriyesos,Refugee Olympic Team,2H 14M 2S,8042,0,0,1998-01-01,23,Men,Tokyo2020,1,0,NA,NA,NA,NA,NA,NA,NA
17,Morhad Amdouni,France,2H 14M 33S,8073,1,0,1988-06-21,33,Men,Tokyo2020,1,0,0.0918954395032031,2471290000000,2588740000000,2789590000000,2728870000000,2630320000000,Africa
18,Hamza Sahli,Morocco,2H 14M 48S,8088,1,0,1993-05-10,28,Men,Tokyo2020,1,0,0.015381994495992177,103312000000,109683000000,118096000000,119700000000,112871000000,Africa
19,Yang Shaohui,China,2H 14M 58S,8098,0,0,1992-07-09,29,Men,Tokyo2020,1,0,6.553293262407884e-5,11233300000000,12310400000000,13894800000000,14279900000000,14722700000000,Asia
20,Eyob Faniel,Italy,2H 15M 11S,8111,1,0,1992-11-26,28,Men,Tokyo2020,1,0,0.07115883099002564,1875800000000,1956950000000,2091120000000,2004910000000,1886450000000,Europe
21,Daniel Mateo,Spain,2H 15M 21S,8121,1,0,1989-08-31,31,Men,Tokyo2020,1,0,0.09088392090280903,1232080000000,1309300000000,1420300000000,1393050000000,1281480000000,Europe
22,Yohanes Ghebregergis,Eritrea,2H 15M 34S,8134,0,0,1989-01-01,32,Men,Tokyo2020,1,0,0.0018271911419578072,NA,NA,NA,NA,NA,Africa
23,Abdi Hakin Ulad,Denmark,2H 15M 50S,8150,1,0,1991-06-14,30,Men,Tokyo2020,1,1,0.05318668343951129,313116000000,332121000000,356841000000,347561000000,356085000000,Europe
24,Liam Adams,Australia,2H 15M 51S,8151,1,0,1986-09-04,34,Men,Tokyo2020,1,1,0.0012797479938883804,1208850000000,1329190000000,1432880000000,1396570000000,1330900000000,Oceania
25,El-Hassan El-Abbassi,Bahrain,2H 15M 56S,8156,1,0,1984-04-13,37,Men,Tokyo2020,1,0,0.15763262797054273,32234973404,35473776596,37652500000,38474521277,NA,Asia
26,Richard Ringer,Germany,2H 16M 8S,8168,0,0,1989-02-27,32,Men,Tokyo2020,1,0,0.04519780649230953,3467500000000,3681730000000,3975350000000,3888330000000,3846410000000,Europe
27,Tiidrek Nurme,Estonia,2H 16M 16S,8176,1,0,1985-11-11,35,Men,Tokyo2020,1,1,0.09964200072519541,24056487771,26857880622,30474612057,31045591753,30650285472,Europe
28,Girmaw Amare,Israel,2H 16M 17S,8177,0,0,1987-10-26,33,Men,Tokyo2020,1,0,0.0990101023148062,318617000000,352668000000,370456000000,394652000000,401954000000,Asia
29,Jacob Riley,United States,2H 16M 26S,8186,1,0,1988-11-02,32,Men,Tokyo2020,1,0,0.10431821030985437,18745100000000,19543000000000,20611900000000,21433200000000,20936600000000,North America
30,Amanal Petros,Germany,2H 16M 33S,8193,1,0,1995-05-17,26,Men,Tokyo2020,1,0,0.04519780649230953,3467500000000,3681730000000,3975350000000,3888330000000,3846410000000,Europe
31,Eulalio Muñoz,Argentina,2H 16M 35S,8195,1,0,1995-07-16,26,Men,Tokyo2020,1,0,0.10647789062239156,557531000000,643629000000,517627000000,445445000000,383067000000,South America
32,Peng Jianhua,China,2H 16M 39S,8199,0,0,1996-12-18,24,Men,Tokyo2020,1,0,6.553293262407884e-5,11233300000000,12310400000000,13894800000000,14279900000000,14722700000000,Asia
33,Javier Guerra,Spain,2H 16M 42S,8202,1,0,1983-11-10,37,Men,Tokyo2020,1,0,0.09088392090280903,1232080000000,1309300000000,1420300000000,1393050000000,1281480000000,Europe
34,Elroy Gelant,South Africa,2H 16M 43S,8203,0,0,1986-08-25,34,Men,Tokyo2020,1,0,0.03949387518085461,296357000000,349554000000,368289000000,351432000000,301924000000,Africa
35,Oqbe Kibrom Ruesom,Eritrea,2H 16M 57S,8217,1,0,1998-01-01,23,Men,Tokyo2020,1,0,0.0018271911419578072,NA,NA,NA,NA,NA,Africa
36,Zane Robertson,New Zealand,2H 17M 4S,8224,1,0,1989-11-14,31,Men,Tokyo2020,1,0,5.922567408086669e-4,188943000000,206951000000,212226000000,212891000000,210886000000,Oceania
37,Haimro Alame,Israel,2H 17M 17S,8237,0,0,1990-06-08,31,Men,Tokyo2020,1,0,0.0990101023148062,318617000000,352668000000,370456000000,394652000000,401954000000,Asia
38,Adam Nowicki,Poland,2H 17M 19S,8239,0,0,1990-08-24,30,Men,Tokyo2020,1,0,0.0761452711544404,472630000000,526509000000,587409000000,595862000000,594165000000,Europe
39,Olivier Irabaruta,Burundi,2H 17M 44S,8264,1,0,1990-08-25,30,Men,Tokyo2020,0,0,5.061063692956754e-4,2959641047,3172292379,3036937141,3012308946,3258187233,Africa
40,Sondre Nordstad Moen,Norway,2H 17M 59S,8279,1,0,1991-01-12,30,Men,Tokyo2020,1,1,0.024945390742564157,368827000000,398394000000,437000000000,405510000000,362522000000,Europe
41,Abdihakem Abdirahman,United States,2H 18M 27S,8307,1,0,1977-01-01,44,Men,Tokyo2020,1,0,0.10431821030985437,18745100000000,19543000000000,20611900000000,21433200000000,20936600000000,North America
42,Tomas Hilifa Rainhold,Namibia,2H 18M 28S,8308,0,0,1991-02-07,30,Men,Tokyo2020,1,0,0.04502313338969096,10721994676,12895153157,13681065175,12565772085,10699926683,Africa
43,Derlis Ayala,Paraguay,2H 18M 34S,8314,1,0,1990-01-07,31,Men,Tokyo2020,1,1,0.0627917443039146,36089550659,38997129474,40225448341,37906944075,35304238230,South America
44,Fred Musobo,Uganda,2H 18M 39S,8319,0,0,1996-08-12,24,Men,Tokyo2020,1,0,0.0019972234975186376,29078589751,30744473840,32912338571,35170037381,37372032558,Africa
45,Hassan Chahdi,France,2H 18M 40S,8320,1,0,1989-05-07,32,Men,Tokyo2020,1,0,0.0918954395032031,2471290000000,2588740000000,2789590000000,2728870000000,2630320000000,Africa
46,Ben Preisner,Canada,2H 19M 27S,8367,1,0,1996-03-22,25,Men,Tokyo2020,1,0,0.03745756300222757,1527990000000,1649270000000,1721850000000,1741580000000,1644040000000,North America
47,Yassine El Fathaoui,Italy,2H 19M 44S,8384,1,0,1982-03-23,39,Men,Tokyo2020,1,0,0.07115883099002564,1875800000000,1956950000000,2091120000000,2004910000000,1886450000000,Europe
48,Trevor Hofbauer,Canada,2H 19M 57S,8397,1,0,1992-03-08,29,Men,Tokyo2020,1,0,0.03745756300222757,1527990000000,1649270000000,1721850000000,1741580000000,1644040000000,North America
49,Shim Jung-sub,South Korea,2H 20M 36S,8436,0,0,1991-02-21,30,Men,Tokyo2020,0,1,0.0036227025501849716,1500110000000,1623900000000,1724850000000,1646740000000,1630530000000,Asia
50,Hendrik Pfeiffer,Germany,2H 20M 43S,8443,1,0,1993-03-18,28,Men,Tokyo2020,1,0,0.04519780649230953,3467500000000,3681730000000,3975350000000,3888330000000,3846410000000,Europe
51,Felix Chemonges,Uganda,2H 20M 53S,8453,0,0,1995-10-10,25,Men,Tokyo2020,1,0,0.0019972234975186376,29078589751,30744473840,32912338571,35170037381,37372032558,Africa
52,Yavuz Ağralı,Turkey,2H 21M 0S,8460,0,0,1992-04-09,29,Men,Tokyo2020,1,0,0.06597064916546919,869693000000,858996000000,778377000000,761428000000,720101000000,Asia
53,Joaquín Arbe,Argentina,2H 21M 15S,8475,1,0,1990-08-25,30,Men,Tokyo2020,1,0,0.10647789062239156,557531000000,643629000000,517627000000,445445000000,383067000000,South America
54,Chris Thompson,Great Britain,2H 21M 29S,8489,0,0,1981-04-17,40,Men,Tokyo2020,1,0,0.08288519972393721,2693250000000,2662480000000,2857320000000,2830810000000,2707740000000,Europe
55,Tseveenravdangiin Byambajav,Mongolia,2H 21M 32S,8492,1,0,1990-07-07,31,Men,Tokyo2020,1,0,0.04653002234090191,11186734674,11425755280,13108769496,13996719329,13137128659,Asia
56,José Luis Santana,Mexico,2H 21M 32S,8492,1,0,1989-09-29,31,Men,Tokyo2020,1,0,0.02120424545813352,1078490000000,1158910000000,1222350000000,1268870000000,1076160000000,North America
57,Dong Guojian,China,2H 21M 35S,8495,0,0,1987-03-16,34,Men,Tokyo2020,1,1,6.553293262407884e-5,11233300000000,12310400000000,13894800000000,14279900000000,14722700000000,Asia
58,Kevin Seaward,Ireland,2H 21M 45S,8505,1,0,1983-10-03,37,Men,Tokyo2020,1,1,0.058556287056006365,298725000000,334602000000,384854000000,399122000000,425889000000,Europe
59,Dieter Kersten,Belgium,2H 22M 6S,8526,0,0,1996-10-25,24,Men,Tokyo2020,1,0,0.09677157756863718,475740000000,501523000000,543411000000,533255000000,515332000000,Europe
60,Cristhian Pacheco,Peru,2H 22M 12S,8532,1,0,1993-05-26,28,Men,Tokyo2020,1,1,0.06367620423800353,191896000000,211007000000,222575000000,228471000000,202014000000,South America
61,Peter Herzog,Austria,2H 22M 15S,8535,1,0,1987-08-01,34,Men,Tokyo2020,1,0,0.07274793480191863,395569000000,416207000000,454873000000,445075000000,430947000000,Europe
62,Shogo Nakamura,Japan,2H 22M 23S,8543,1,0,1992-09-16,28,Men,Tokyo2020,0,0,0.006781696875160751,5003680000000,4930840000000,5036890000000,5148780000000,4975420000000,Asia
63,Arkadiusz Gardzielewski,Poland,2H 22M 50S,8570,0,0,1986-06-12,35,Men,Tokyo2020,1,0,0.0761452711544404,472630000000,526509000000,587409000000,595862000000,594165000000,Europe
64,Malcolm Hicks,New Zealand,2H 23M 12S,8592,1,0,1987-10-19,33,Men,Tokyo2020,1,0,5.922567408086669e-4,188943000000,206951000000,212226000000,212891000000,210886000000,Oceania
65,Juan Pacheco,Mexico,2H 23M 41S,8621,1,0,1990-12-11,30,Men,Tokyo2020,1,0,0.02120424545813352,1078490000000,1158910000000,1222350000000,1268870000000,1076160000000,North America
66,Brett Robinson,Australia,2H 24M 4S,8644,1,0,1991-05-08,30,Men,Tokyo2020,1,0,0.0012797479938883804,1208850000000,1329190000000,1432880000000,1396570000000,1330900000000,Oceania
67,Khoarahlane Seutloali,Lesotho,2H 25M 3S,8703,1,0,1992-03-30,29,Men,Tokyo2020,1,0,0.005918538061815323,2114323794,2306843529,2514146888,2366213069,1844510138,Africa
68,Roman Fosti,Estonia,2H 25M 37S,8737,0,0,1983-06-06,38,Men,Tokyo2020,1,1,0.09964200072519541,24056487771,26857880622,30474612057,31045591753,30650285472,Europe
69,Paulo Roberto Paula,Brazil,2H 26M 8S,8768,1,0,1979-07-08,42,Men,Tokyo2020,1,1,0.09185060822219354,1795700000000,2063510000000,1916950000000,1877810000000,1444730000000,South America
70,Thijs Nijhuis,Denmark,2H 26M 59S,8819,1,0,1992-09-20,28,Men,Tokyo2020,1,0,0.05318668343951129,313116000000,332121000000,356841000000,347561000000,356085000000,Europe
71,Paul Pollock,Ireland,2H 27M 48S,8868,1,0,1986-06-25,35,Men,Tokyo2020,1,1,0.058556287056006365,298725000000,334602000000,384854000000,399122000000,425889000000,Europe
72,Cameron Levins,Canada,2H 28M 43S,8923,0,0,1989-03-28,32,Men,Tokyo2020,1,0,0.03745756300222757,1527990000000,1649270000000,1721850000000,1741580000000,1644040000000,North America
73,Yuma Hattori,Japan,2H 30M 8S,9008,1,0,1993-11-13,27,Men,Tokyo2020,0,0,0.006781696875160751,5003680000000,4930840000000,5036890000000,5148780000000,4975420000000,Asia
74,Jesús Arturo Esparza,Mexico,2H 31M 51S,9111,1,0,1990-08-26,30,Men,Tokyo2020,1,0,0.02120424545813352,1078490000000,1158910000000,1222350000000,1268870000000,1076160000000,North America
75,Jorge Castelblanco,Panama,2H 33M 22S,9202,1,0,1987-09-23,33,Men,Tokyo2020,1,1,0.09892745102401798,57907700000,62202700000,64928300000,66787900000,52938100000,North America
76,Iván Zarco,Honduras,2H 44M 36S,9876,1,0,1984-02-08,37,Men,Tokyo2020,1,0,0.02881234673800316,21717622071,23136232230,24067778954,25089976947,23827840810,North America
NA,Amos Kipruto,Kenya,NA,NA,NA,1,1992-09-16,28,Men,Tokyo2020,1,0,0.00362853418087344,69188755364,78965004656,87778582964,95503088538,98842939649,Africa
NA,Bart van Nunen,Netherlands,NA,NA,NA,1,1995-09-24,25,Men,Tokyo2020,1,0,0.10831664757596977,783528000000,831810000000,913597000000,910194000000,913865000000,Europe
NA,Stephen Mokoka,South Africa,NA,NA,NA,1,1985-01-31,36,Men,Tokyo2020,1,0,0.03949387518085461,296357000000,349554000000,368289000000,351432000000,301924000000,Africa
NA,Lelisa Desisa,Ethiopia,NA,NA,NA,1,1990-01-14,31,Men,Tokyo2020,1,0,0.0024190703937959205,74296618481,81770791971,84269348327,95912590628,107645000000,Africa
NA,John Hakizimana,Rwanda,NA,NA,NA,1,1996-10-26,24,Men,Tokyo2020,1,0,0.00473857393746503,8690485823,9253098954,9640280084,10355974217,10333991892,Africa
NA,Khalid Choukoud,Netherlands,NA,NA,NA,1,1986-03-23,35,Men,Tokyo2020,1,0,0.10831664757596977,783528000000,831810000000,913597000000,910194000000,913865000000,Europe
NA,Marcin Chabowski,Poland,NA,NA,NA,1,1986-06-28,35,Men,Tokyo2020,1,0,0.0761452711544404,472630000000,526509000000,587409000000,595862000000,594165000000,Europe
NA,Ben Connor,Great Britain,NA,NA,NA,1,1992-10-17,28,Men,Tokyo2020,1,0,0.08288519972393721,2693250000000,2662480000000,2857320000000,2830810000000,2707740000000,Europe
NA,Desmond Mokgobu,South Africa,NA,NA,NA,1,1988-11-23,32,Men,Tokyo2020,1,0,0.03949387518085461,296357000000,349554000000,368289000000,351432000000,301924000000,Africa
NA,Bat-Ochiryn Ser-Od,Mongolia,NA,NA,NA,1,1981-10-07,39,Men,Tokyo2020,1,1,0.04653002234090191,11186734674,11425755280,13108769496,13996719329,13137128659,Asia
NA,Daniel Ferreira do Nascimento,Brazil,NA,NA,NA,1,1998-07-28,23,Men,Tokyo2020,1,0,0.09185060822219354,1795700000000,2063510000000,1916950000000,1877810000000,1444730000000,South America
NA,Tadesse Abraham,Switzerland,NA,NA,NA,1,1982-08-12,38,Men,Tokyo2020,1,1,0.08225400589604301,695601000000,704479000000,735539000000,731767000000,752248000000,Europe
NA,Yassine Rachik,Italy,NA,NA,NA,1,1993-06-11,28,Men,Tokyo2020,1,0,0.07115883099002564,1875800000000,1956950000000,2091120000000,2004910000000,1886450000000,Europe
NA,Callum Hawkins,Great Britain,NA,NA,NA,1,1992-06-22,29,Men,Tokyo2020,1,1,0.08288519972393721,2693250000000,2662480000000,2857320000000,2830810000000,2707740000000,Europe
NA,Bohdan-Ivan Horodyskyy,Ukraine,NA,NA,NA,1,1994-05-18,27,Men,Tokyo2020,1,0,0.05310176973353697,93355993629,112190000000,130902000000,153930000000,155582000000,Europe
NA,Polat Kemboi Arıkan,Turkey,NA,NA,NA,1,1990-12-12,30,Men,Tokyo2020,1,0,0.06597064916546919,869693000000,858996000000,778377000000,761428000000,720101000000,Asia
NA,Iván Darío González,Colombia,NA,NA,NA,1,1987-08-14,33,Men,Tokyo2020,1,0,0.09222295654468013,282825000000,311884000000,334198000000,323430000000,271347000000,South America
NA,Sisay Lemma,Ethiopia,NA,NA,NA,1,1990-12-12,30,Men,Tokyo2020,1,0,0.0024190703937959205,74296618481,81770791971,84269348327,95912590628,107645000000,Africa
NA,Shumi Dechasa,Bahrain,NA,NA,NA,1,1989-05-28,32,Men,Tokyo2020,1,0,0.15763262797054273,32234973404,35473776596,37652500000,38474521277,NA,Asia
NA,Mykola Nyzhnyk,Ukraine,NA,NA,NA,1,1995-07-26,26,Men,Tokyo2020,1,0,0.05310176973353697,93355993629,112190000000,130902000000,153930000000,155582000000,Europe
NA,Lemawork Ketema,Austria,NA,NA,NA,1,1985-10-22,35,Men,Tokyo2020,1,0,0.07274793480191863,395569000000,416207000000,454873000000,445075000000,430947000000,Europe
NA,Stephen Scullion,Ireland,NA,NA,NA,1,1988-11-09,32,Men,Tokyo2020,1,0,0.058556287056006365,298725000000,334602000000,384854000000,399122000000,425889000000,Europe
NA,Oh Joo-han,South Korea,NA,NA,NA,1,1988-11-20,32,Men,Tokyo2020,0,0,0.0036227025501849716,1500110000000,1623900000000,1724850000000,1646740000000,1630530000000,Asia
NA,Alemu Bekele,Bahrain,NA,NA,NA,1,1990-03-23,31,Men,Tokyo2020,1,1,0.15763262797054273,32234973404,35473776596,37652500000,38474521277,NA,Asia
NA,Stephen Kiprotich,Uganda,NA,NA,NA,1,1989-02-27,32,Men,Tokyo2020,1,1,0.0019972234975186376,29078589751,30744473840,32912338571,35170037381,37372032558,Africa
NA,Gabriel Geay,Tanzania,NA,NA,NA,1,1996-09-10,24,Men,Tokyo2020,0,0,8.52107987092757e-6,49774021003,53320625959,57003713748,61136873747,62409748427,Africa
NA,Daniel Chaves da Silva,Brazil,NA,NA,NA,1,1988-07-10,33,Men,Tokyo2020,1,0,0.09185060822219354,1795700000000,2063510000000,1916950000000,1877810000000,1444730000000,South America
NA,Oleksandr Sitkovskyy,Ukraine,NA,NA,NA,1,1978-06-09,43,Men,Tokyo2020,1,1,0.05310176973353697,93355993629,112190000000,130902000000,153930000000,155582000000,Europe
NA,Shura Kitata,Ethiopia,NA,NA,NA,1,1996-06-09,25,Men,Tokyo2020,1,0,0.0024190703937959205,74296618481,81770791971,84269348327,95912590628,107645000000,Africa
NA,Jack Rayner,Australia,NA,NA,NA,1,1995-12-19,25,Men,Tokyo2020,1,0,0.0012797479938883804,1208850000000,1329190000000,1432880000000,1396570000000,1330900000000,Oceania
1,Peres Jepchirchir,Kenya,2H 27M 20S,8840,1,0,1993-09-27,27,Women,Tokyo2020,1,0,0.00362853418087344,69188755364,78965004656,87778582964,95503088538,98842939649,Africa
2,Brigid Kosgei,Kenya,2H 27M 36S,8856,1,0,1994-02-20,27,Women,Tokyo2020,1,0,0.00362853418087344,69188755364,78965004656,87778582964,95503088538,98842939649,Africa
3,Molly Seidel,United States,2H 27M 46S,8866,1,0,1994-07-12,27,Women,Tokyo2020,1,0,0.10431821030985437,18745100000000,19543000000000,20611900000000,21433200000000,20936600000000,North America
4,Roza Dereje,Ethiopia,2H 28M 38S,8918,1,0,1997-05-09,24,Women,Tokyo2020,1,0,0.0024190703937959205,74296618481,81770791971,84269348327,95912590628,107645000000,Africa
5,Volha Mazuronak,Belarus,2H 29M 6S,8946,1,0,1989-04-14,32,Women,Tokyo2020,1,1,0.046316978754346476,47722657821,54726595249,60031262269,64409647194,60258239056,Europe
6,Melat Yisak Kejeta,Germany,2H 29M 16S,8956,1,0,1992-09-27,28,Women,Tokyo2020,1,0,0.04519780649230953,3467500000000,3681730000000,3975350000000,3888330000000,3846410000000,Europe
7,Eunice Chumba,Bahrain,2H 29M 36S,8976,0,0,1993-05-23,28,Women,Tokyo2020,1,0,0.15763262797054273,32234973404,35473776596,37652500000,38474521277,NA,Asia
8,Mao Ichiyama,Japan,2H 30M 13S,9013,0,0,1997-05-29,24,Women,Tokyo2020,0,0,0.006781696875160751,5003680000000,4930840000000,5036890000000,5148780000000,4975420000000,Asia
9,Malindi Elmore,Canada,2H 30M 59S,9059,1,0,1980-03-13,41,Women,Tokyo2020,1,0,0.03745756300222757,1527990000000,1649270000000,1721850000000,1741580000000,1644040000000,North America
10,Sinead Diver,Australia,2H 31M 14S,9074,1,0,1977-02-17,44,Women,Tokyo2020,1,0,0.0012797479938883804,1208850000000,1329190000000,1432880000000,1396570000000,1330900000000,Oceania
11,Helalia Johannes,Namibia,2H 31M 22S,9082,1,0,1980-08-13,40,Women,Tokyo2020,1,1,0.04502313338969096,10721994676,12895153157,13681065175,12565772085,10699926683,Africa
12,Fabienne Schlumpf,Switzerland,2H 31M 36S,9096,0,0,1990-11-17,30,Women,Tokyo2020,1,0,0.08225400589604301,695601000000,704479000000,735539000000,731767000000,752248000000,Europe
13,Natasha Wodak,Canada,2H 31M 41S,9101,1,0,1981-12-17,39,Women,Tokyo2020,1,0,0.03745756300222757,1527990000000,1649270000000,1721850000000,1741580000000,1644040000000,North America
14,Karolina Jarzyńska,Poland,2H 32M 4S,9124,1,0,1981-09-06,39,Women,Tokyo2020,1,0,0.0761452711544404,472630000000,526509000000,587409000000,595862000000,594165000000,Europe
15,Gerda Steyn,South Africa,2H 32M 10S,9130,0,0,1990-03-03,31,Women,Tokyo2020,1,0,0.03949387518085461,296357000000,349554000000,368289000000,351432000000,301924000000,Africa
16,Immaculate Chemutai,Uganda,2H 32M 23S,9143,0,0,1987-12-02,33,Women,Tokyo2020,1,0,0.0019972234975186376,29078589751,30744473840,32912338571,35170037381,37372032558,Africa
17,Sally Kipyego,United States,2H 32M 53S,9173,1,0,1985-12-19,35,Women,Tokyo2020,1,0,0.10431821030985437,18745100000000,19543000000000,20611900000000,21433200000000,20936600000000,North America
18,Deborah Schöneborn,Germany,2H 33M 8S,9188,1,0,1994-03-13,27,Women,Tokyo2020,1,0,0.04519780649230953,3467500000000,3681730000000,3975350000000,3888330000000,3846410000000,Europe
19,Ayuko Suzuki,Japan,2H 33M 14S,9194,1,0,1991-10-08,29,Women,Tokyo2020,0,0,0.006781696875160751,5003680000000,4930840000000,5036890000000,5148780000000,4975420000000,Asia
20,Neheng Khatala,Lesotho,2H 33M 15S,9195,0,0,1992-07-02,29,Women,Tokyo2020,1,0,0.005918538061815323,2114323794,2306843529,2514146888,2366213069,1844510138,Africa
21,Matea Parlov Koštro,Croatia,2H 33M 18S,9198,1,0,1992-06-02,29,Women,Tokyo2020,1,0,0.08821080621289523,51601147666,55481644098,61375222347,60752588976,55966581780,Europe
22,Carolina Wikström,Sweden,2H 33M 19S,9199,1,0,1993-09-04,27,Women,Tokyo2020,0,0,0.10855646002136789,515655000000,541019000000,555455000000,533880000000,541064000000,Europe
23,Ellie Pashley,Australia,2H 33M 39S,9219,1,0,1988-12-10,32,Women,Tokyo2020,1,0,0.0012797479938883804,1208850000000,1329190000000,1432880000000,1396570000000,1330900000000,Oceania
24,Failuna Abdi Matanga,Tanzania,2H 33M 58S,9238,1,0,1992-10-28,28,Women,Tokyo2020,0,0,8.52107987092757e-6,49774021003,53320625959,57003713748,61136873747,62409748427,Africa
25,Fionnuala McCormack,Ireland,2H 34M 9S,9249,1,0,1984-09-24,36,Women,Tokyo2020,1,1,0.058556287056006365,298725000000,334602000000,384854000000,399122000000,425889000000,Europe
26,Lisa Jane Weightman,Australia,2H 34M 19S,9259,1,0,1979-01-16,42,Women,Tokyo2020,1,1,0.0012797479938883804,1208850000000,1329190000000,1432880000000,1396570000000,1330900000000,Oceania
27,Gladys Tejeda,Peru,2H 34M 21S,9261,1,0,1985-09-30,35,Women,Tokyo2020,1,1,0.06367620423800353,191896000000,211007000000,222575000000,228471000000,202014000000,South America
28,Mieke Gorissen,Belgium,2H 34M 24S,9264,0,0,1982-11-29,38,Women,Tokyo2020,1,0,0.09677157756863718,475740000000,501523000000,543411000000,533255000000,515332000000,Europe
29,Elena Loyo,Spain,2H 34M 38S,9278,1,0,1983-01-11,38,Women,Tokyo2020,1,0,0.09088392090280903,1232080000000,1309300000000,1420300000000,1393050000000,1281480000000,Europe
30,Carla Salomé Rocha,Portugal,2H 34M 52S,9292,1,0,1990-04-25,31,Women,Tokyo2020,1,0,0.09250476648980892,206286000000,220811000000,242195000000,239511000000,231227000000,Europe
31,Katharina Steinruck,Germany,2H 35M 0S,9300,0,0,1989-08-22,31,Women,Tokyo2020,1,0,0.04519780649230953,3467500000000,3681730000000,3975350000000,3888330000000,3846410000000,Europe
32,Giovanna Epis,Italy,2H 35M 9S,9309,1,0,1988-10-11,32,Women,Tokyo2020,1,0,0.07115883099002564,1875800000000,1956950000000,2091120000000,2004910000000,1886450000000,Europe
33,Honami Maeda,Japan,2H 35M 28S,9328,0,0,1996-07-17,25,Women,Tokyo2020,0,0,0.006781696875160751,5003680000000,4930840000000,5036890000000,5148780000000,4975420000000,Asia
34,Choi Kyung-sun,South Korea,2H 35M 33S,9333,1,0,1992-03-16,29,Women,Tokyo2020,0,0,0.0036227025501849716,1500110000000,1623900000000,1724850000000,1646740000000,1630530000000,Asia
35,Aleksandra Lisowska,Poland,2H 35M 33S,9333,0,0,1990-12-12,30,Women,Tokyo2020,1,0,0.0761452711544404,472630000000,526509000000,587409000000,595862000000,594165000000,Europe
36,Darya Maslova,Kyrgyzstan,2H 35M 35S,9335,1,0,1995-05-06,26,Women,Tokyo2020,1,0,0.023585759521755265,6813092066,7702934800,8271106196,8871019823,7735976613,Asia
37,Marta Galimany,Spain,2H 35M 39S,9339,1,0,1985-10-05,35,Women,Tokyo2020,1,0,0.09088392090280903,1232080000000,1309300000000,1420300000000,1393050000000,1281480000000,Europe
38,Susan Jeptooo Kipsang,France,2H 36M 29S,9389,1,0,1987-03-07,34,Women,Tokyo2020,1,0,0.0918954395032031,2471290000000,2588740000000,2789590000000,2728870000000,2630320000000,Africa
39,Stephanie Davis,Great Britain,2H 36M 33S,9393,0,0,1990-08-27,30,Women,Tokyo2020,1,0,0.08288519972393721,2693250000000,2662480000000,2857320000000,2830810000000,2707740000000,Europe
40,Jovana de la Cruz,Peru,2H 36M 38S,9398,0,0,1992-07-12,29,Women,Tokyo2020,1,1,0.06367620423800353,191896000000,211007000000,222575000000,228471000000,202014000000,South America
41,Rosa Chacha,Ecuador,2H 36M 44S,9404,0,0,1982-12-08,38,Women,Tokyo2020,1,1,0.027193922142757548,99937696000,104296000000,107562000000,108108000000,98808010000,South America
42,Yeheniya Prokofyeva,Ukraine,2H 36M 47S,9407,1,0,1995-06-05,26,Women,Tokyo2020,1,0,0.05310176973353697,93355993629,112190000000,130902000000,153930000000,155582000000,Europe
43,Nazret Weldu,Eritrea,2H 37M 1S,9421,0,0,1990-01-01,31,Women,Tokyo2020,1,0,0.0018271911419578072,NA,NA,NA,NA,NA,Africa
44,Andrea Deelstra,Netherlands,2H 37M 5S,9425,1,0,1985-03-06,36,Women,Tokyo2020,1,1,0.10831664757596977,783528000000,831810000000,913597000000,910194000000,913865000000,Europe
45,Bayartsogtyn Mönkhzayaa,Mongolia,2H 37M 8S,9428,1,0,1993-10-10,27,Women,Tokyo2020,1,0,0.04653002234090191,11186734674,11425755280,13108769496,13996719329,13137128659,Asia
46,Zhanna Mamazhanova,Kazakhstan,2H 37M 42S,9462,0,0,1994-01-26,27,Women,Tokyo2020,1,0,0.030637267759463894,137278000000,166806000000,179340000000,181667000000,169835000000,Asia
47,Zhang Deshun,China,2H 37M 45S,9465,0,0,1996-02-21,25,Women,Tokyo2020,1,0,6.553293262407884e-5,11233300000000,12310400000000,13894800000000,14279900000000,14722700000000,Asia
48,Maor Tiyouri,Israel,2H 37M 52S,9472,0,0,1990-08-13,30,Women,Tokyo2020,1,1,0.0990101023148062,318617000000,352668000000,370456000000,394652000000,401954000000,Asia
49,Hanne Verbruggen,Belgium,2H 38M 3S,9483,1,0,1993-05-27,28,Women,Tokyo2020,1,0,0.09677157756863718,475740000000,501523000000,543411000000,533255000000,515332000000,Europe
50,Nina Savina,Belarus,2H 38M 41S,9521,1,0,1993-07-21,28,Women,Tokyo2020,1,0,0.046316978754346476,47722657821,54726595249,60031262269,64409647194,60258239056,Europe
51,Martina Strähl,Switzerland,2H 39M 25S,9565,1,0,1987-05-07,34,Women,Tokyo2020,1,0,0.08225400589604301,695601000000,704479000000,735539000000,731767000000,752248000000,Europe
52,Marcela Joglová,Czech Republic,2H 39M 29S,9569,0,0,1987-07-27,34,Women,Tokyo2020,1,0,0.1561243636416608,196272000000,218629000000,248950000000,252498000000,245349000000,Europe
53,Bojana Bjeljac,Croatia,2H 39M 32S,9572,1,0,1989-04-10,32,Women,Tokyo2020,1,0,0.08821080621289523,51601147666,55481644098,61375222347,60752588976,55966581780,Europe
54,Lilia Fisikovici,Moldova,2H 39M 59S,9599,1,0,1989-03-29,32,Women,Tokyo2020,1,0,0.06404743920556534,8071480541,9669759987,11456728401,11968699006,11914040905,Europe
55,Angie Orjuela,Colombia,2H 40M 4S,9604,1,0,1989-05-09,32,Women,Tokyo2020,1,1,0.09222295654468013,282825000000,311884000000,334198000000,323430000000,271347000000,South America
56,Rkia El Moukim,Morocco,2H 40M 10S,9610,1,0,1988-02-22,33,Women,Tokyo2020,1,0,0.015381994495992177,103312000000,109683000000,118096000000,119700000000,112871000000,Africa
57,Ahn Seul-ki,South Korea,2H 41M 11S,9671,1,0,1992-05-29,29,Women,Tokyo2020,0,1,0.0036227025501849716,1500110000000,1623900000000,1724850000000,1646740000000,1630530000000,Asia
58,Tereza Hrochová,Czech Republic,2H 42M 25S,9745,0,0,1996-02-24,25,Women,Tokyo2020,1,0,0.1561243636416608,196272000000,218629000000,248950000000,252498000000,245349000000,Europe
59,Angelika Mach,Poland,2H 42M 26S,9746,0,0,1991-09-07,29,Women,Tokyo2020,1,0,0.0761452711544404,472630000000,526509000000,587409000000,595862000000,594165000000,Europe
60,Andrea Bonilla,Ecuador,2H 43M 30S,9810,1,0,1986-12-05,34,Women,Tokyo2020,1,0,0.027193922142757548,99937696000,104296000000,107562000000,108108000000,98808010000,South America
61,Marcela Cristina Gómez,Argentina,2H 44M 9S,9849,1,0,1984-02-19,37,Women,Tokyo2020,1,0,0.10647789062239156,557531000000,643629000000,517627000000,445445000000,383067000000,South America
62,Li Zhixuan,China,2H 45M 23S,9923,0,0,1994-03-23,27,Women,Tokyo2020,1,0,6.553293262407884e-5,11233300000000,12310400000000,13894800000000,14279900000000,14722700000000,Asia
63,Jill Holterman,Netherlands,2H 45M 27S,9927,0,0,1991-09-11,29,Women,Tokyo2020,1,0,0.10831664757596977,783528000000,831810000000,913597000000,910194000000,913865000000,Europe
64,Úrsula Sánchez,Mexico,2H 45M 45S,9945,1,0,1987-09-15,33,Women,Tokyo2020,1,0,0.02120424545813352,1078490000000,1158910000000,1222350000000,1268870000000,1076160000000,North America
65,Daniela Torres Huerta,Mexico,2H 47M 15S,10035,0,0,1994-07-23,27,Women,Tokyo2020,1,0,0.02120424545813352,1078490000000,1158910000000,1222350000000,1268870000000,1076160000000,North America
66,Lonah Chemtai Salpeter,Israel,2H 48M 31S,10111,0,0,1988-12-12,32,Women,Tokyo2020,1,0,0.0990101023148062,318617000000,352668000000,370456000000,394652000000,401954000000,Asia
67,Bai Li,China,2H 49M 21S,10161,0,0,1996-03-30,25,Women,Tokyo2020,1,0,6.553293262407884e-5,11233300000000,12310400000000,13894800000000,14279900000000,14722700000000,Asia
68,Stephanie Twell,Great Britain,2H 53M 26S,10406,1,0,1989-08-17,31,Women,Tokyo2020,1,0,0.08288519972393721,2693250000000,2662480000000,2857320000000,2830810000000,2707740000000,Europe
69,Juliet Chekwel,Uganda,2H 53M 40S,10420,1,0,1990-05-25,31,Women,Tokyo2020,1,0,0.0019972234975186376,29078589751,30744473840,32912338571,35170037381,37372032558,Africa
70,Catarina Ribeiro,Portugal,2H 55M 1S,10501,1,0,1990-05-31,31,Women,Tokyo2020,1,0,0.09250476648980892,206286000000,220811000000,242195000000,239511000000,231227000000,Europe
71,Jess Piasecki,Great Britain,2H 55M 39S,10539,1,0,1990-04-18,31,Women,Tokyo2020,1,0,0.08288519972393721,2693250000000,2662480000000,2857320000000,2830810000000,2707740000000,Europe
72,Sharon Firisua,Solomon Islands,3H 2M 10S,10930,1,0,1993-12-15,27,Women,Tokyo2020,1,0,3.0634533083764006e-5,1378551118,1483758907,1574599183,1570215577,1551245526,Oceania
73,Dayna Pidhoresky,Canada,3H 3M 10S,10990,1,0,1986-11-18,34,Women,Tokyo2020,1,0,0.03745756300222757,1527990000000,1649270000000,1721850000000,1741580000000,1644040000000,North America
NA,Andrea Ramírez Limón,Mexico,NA,NA,NA,1,1992-12-05,28,Women,Tokyo2020,1,0,0.02120424545813352,1078490000000,1158910000000,1222350000000,1268870000000,1076160000000,North America
NA,Ruth Chepng'etich,Kenya,NA,NA,NA,1,1994-08-08,26,Women,Tokyo2020,1,0,0.00362853418087344,69188755364,78965004656,87778582964,95503088538,98842939649,Africa
NA,Laura Méndez Esquer,Spain,NA,NA,NA,1,1988-11-06,32,Women,Tokyo2020,1,0,0.09088392090280903,1232080000000,1309300000000,1420300000000,1393050000000,1281480000000,Europe
NA,Birhane Dibaba,Ethiopia,NA,NA,NA,1,1993-09-11,27,Women,Tokyo2020,1,0,0.0024190703937959205,74296618481,81770791971,84269348327,95912590628,107645000000,Africa
NA,Tejitu Daba,Bahrain,NA,NA,NA,1,1991-08-20,29,Women,Tokyo2020,1,0,0.15763262797054273,32234973404,35473776596,37652500000,38474521277,NA,Asia
NA,Kokob Tesfagabriel,Eritrea,NA,NA,NA,1,1994-06-04,27,Women,Tokyo2020,1,0,0.0018271911419578072,NA,NA,NA,NA,NA,Africa
NA,Viktoriia Kaliuzhna,Ukraine,NA,NA,NA,1,1994-07-11,27,Women,Tokyo2020,1,0,0.05310176973353697,93355993629,112190000000,130902000000,153930000000,155582000000,Europe
NA,Irvette van Zyl,South Africa,NA,NA,NA,1,1987-07-05,34,Women,Tokyo2020,1,1,0.03949387518085461,296357000000,349554000000,368289000000,351432000000,301924000000,Africa
NA,Sara Moreira,Portugal,NA,NA,NA,1,1985-10-17,35,Women,Tokyo2020,1,1,0.09250476648980892,206286000000,220811000000,242195000000,239511000000,231227000000,Europe
NA,Aliphine Tuliamuk,United States,NA,NA,NA,1,1989-04-05,32,Women,Tokyo2020,1,0,0.10431821030985437,18745100000000,19543000000000,20611900000000,21433200000000,20936600000000,North America
NA,Aoife Cooke,Ireland,NA,NA,NA,1,1986-09-13,34,Women,Tokyo2020,1,0,0.058556287056006365,298725000000,334602000000,384854000000,399122000000,425889000000,Europe
NA,Darya Mykhaylova,Ukraine,NA,NA,NA,1,1989-04-29,32,Women,Tokyo2020,1,0,0.05310176973353697,93355993629,112190000000,130902000000,153930000000,155582000000,Europe
NA,Zeineba Yimer,Ethiopia,NA,NA,NA,1,1998-06-17,23,Women,Tokyo2020,1,0,0.0024190703937959205,74296618481,81770791971,84269348327,95912590628,107645000000,Africa
NA,Eva Vrabcová-Nývltová,Czech Republic,NA,NA,NA,1,1986-02-06,35,Women,Tokyo2020,1,1,0.1561243636416608,196272000000,218629000000,248950000000,252498000000,245349000000,Europe
NA,Meryem Erdoğan,Turkey,NA,NA,NA,1,1990-04-24,31,Women,Tokyo2020,1,1,0.06597064916546919,869693000000,858996000000,778377000000,761428000000,720101000000,Asia
1,Eliud Kipchoge,Kenya,2H 8M 44S,7724,0,0,1984-11-05,31,Men,Rio2016,1,0,0.00362853418087344,69188755364,78965004656,87778582964,95503088538,98842939649,Africa
2,Feyisa Lilesa,Ethiopia,2H 9M 54S,7794,0,0,1990-02-01,26,Men,Rio2016,1,0,0.0024190703937959205,74296618481,81770791971,84269348327,95912590628,107645000000,Africa
3,Galen Rupp,United States,2H 10M 5S,7805,1,0,1986-05-08,30,Men,Rio2016,1,0,0.10431821030985437,18745100000000,19543000000000,20611900000000,21433200000000,20936600000000,North America
4,Ghirmay Ghebreslassie,Eritrea,2H 11M 4S,7864,0,0,1995-11-14,20,Men,Rio2016,1,0,0.0018271911419578072,NA,NA,NA,NA,NA,Africa
5,Alphonce Simbu,Tanzania,2H 11M 15S,7875,0,0,1992-02-14,24,Men,Rio2016,0,0,8.52107987092757e-6,49774021003,53320625959,57003713748,61136873747,62409748427,Africa
6,Jared Ward,United States,2H 11M 30S,7890,1,0,1988-09-09,27,Men,Rio2016,1,0,0.10431821030985437,18745100000000,19543000000000,20611900000000,21433200000000,20936600000000,North America
7,Tadesse Abraham,Switzerland,2H 11M 42S,7902,0,0,1982-08-12,34,Men,Rio2016,1,0,0.08225400589604301,695601000000,704479000000,735539000000,731767000000,752248000000,Europe
8,Munyo Mutai,Uganda,2H 11M 49S,7909,1,0,1992-10-22,23,Men,Rio2016,1,0,0.0019972234975186376,29078589751,30744473840,32912338571,35170037381,37372032558,Africa
9,Callum Hawkins,Great Britain,2H 11M 52S,7912,0,0,1992-06-22,24,Men,Rio2016,1,0,0.08288519972393721,2693250000000,2662480000000,2857320000000,2830810000000,2707740000000,Europe
10,Eric Gillis,Canada,2H 12M 29S,7949,0,0,1980-03-08,36,Men,Rio2016,1,0,0.03745756300222757,1527990000000,1649270000000,1721850000000,1741580000000,1644040000000,North America
11,Abdi Nageeye,Netherlands,2H 13M 1S,7981,0,0,1989-03-02,27,Men,Rio2016,1,0,0.10831664757596977,783528000000,831810000000,913597000000,910194000000,913865000000,Europe
12,Mumin Gala,Djibouti,2H 13M 4S,7984,1,0,1986-09-06,29,Men,Rio2016,1,0,0.011769206944925214,2603554907,2751461056,3012820410,3324634256,3384404260,Africa
13,Lemi Berhanu,Ethiopia,2H 13M 29S,8009,0,0,1994-09-13,21,Men,Rio2016,1,0,0.0024190703937959205,74296618481,81770791971,84269348327,95912590628,107645000000,Africa
14,Stephen Kiprotich,Uganda,2H 13M 32S,8012,0,0,1989-02-27,27,Men,Rio2016,1,0,0.0019972234975186376,29078589751,30744473840,32912338571,35170037381,37372032558,Africa
15,Paulo Roberto Paula,Brazil,2H 13M 56S,8036,1,0,1979-07-08,37,Men,Rio2016,1,0,0.09185060822219354,1795700000000,2063510000000,1916950000000,1877810000000,1444730000000,South America
16,Satoru Sasaki,Japan,2H 13M 57S,8037,0,0,1985-10-16,30,Men,Rio2016,0,0,0.006781696875160751,5003680000000,4930840000000,5036890000000,5148780000000,4975420000000,Asia
17,Kaan Kigen Özbilen,Turkey,2H 14M 11S,8051,0,0,1986-01-15,30,Men,Rio2016,1,0,0.06597064916546919,869693000000,858996000000,778377000000,761428000000,720101000000,Asia
18,Bayron Piedra,Ecuador,2H 14M 12S,8052,1,0,1982-08-19,34,Men,Rio2016,1,0,0.027193922142757548,99937696000,104296000000,107562000000,108108000000,98808010000,South America
19,Sondre Nordstad Moen,Norway,2H 14M 17S,8057,0,0,1991-01-12,25,Men,Rio2016,1,0,0.024945390742564157,368827000000,398394000000,437000000000,405510000000,362522000000,Europe
20,Oleksandr Sitkovskyy,Ukraine,2H 14M 24S,8064,0,0,1978-06-09,38,Men,Rio2016,1,0,0.05310176973353697,93355993629,112190000000,130902000000,153930000000,155582000000,Europe
21,Amanuel Mesel,Eritrea,2H 14M 37S,8077,0,0,1990-12-29,25,Men,Rio2016,1,0,0.0018271911419578072,NA,NA,NA,NA,NA,Africa
22,Koen Naert,Belgium,2H 14M 53S,8093,0,0,1989-09-03,26,Men,Rio2016,1,0,0.09677157756863718,475740000000,501523000000,543411000000,533255000000,515332000000,Europe
23,Reid Coolsaet,Canada,2H 14M 58S,8098,0,0,1979-07-29,37,Men,Rio2016,1,0,0.03745756300222757,1527990000000,1649270000000,1721850000000,1741580000000,1644040000000,North America
24,Lusapho April,South Africa,2H 15M 24S,8124,0,0,1982-05-24,34,Men,Rio2016,1,0,0.03949387518085461,296357000000,349554000000,368289000000,351432000000,301924000000,Africa
25,Thanackal Gopi,India,2H 15M 25S,8125,1,0,1988-05-24,28,Men,Rio2016,1,0,0.022676059830056265,2294800000000,2651470000000,2701110000000,2870500000000,2622980000000,Asia
26,Kheta Ram,India,2H 15M 26S,8126,1,0,1986-09-20,29,Men,Rio2016,1,0,0.022676059830056265,2294800000000,2651470000000,2701110000000,2870500000000,2622980000000,Asia
27,Pak Chol,North Korea,2H 15M 27S,8127,0,0,1990-11-08,25,Men,Rio2016,1,0,NA,NA,NA,NA,NA,NA,Asia
28,Evans Kiplagat Barkowet,Azerbaijan,2H 15M 31S,8131,0,0,1988-03-05,28,Men,Rio2016,1,0,0.03346169683430851,37867518957,40865558912,47112941176,48174235294,42607176471,Asia
29,Dong Guojian,China,2H 15M 32S,8132,0,0,1987-03-16,29,Men,Rio2016,1,0,6.553293262407884e-5,11233300000000,12310400000000,13894800000000,14279900000000,14722700000000,Asia
30,Ihor Olefirenko,Ukraine,2H 15M 36S,8136,0,0,1990-03-14,26,Men,Rio2016,1,0,0.05310176973353697,93355993629,112190000000,130902000000,153930000000,155582000000,Europe
31,Liam Adams,Australia,2H 16M 12S,8172,0,0,1986-09-04,29,Men,Rio2016,1,0,0.0012797479938883804,1208850000000,1329190000000,1432880000000,1396570000000,1330900000000,Oceania
32,Paul Pollock,Ireland,2H 16M 24S,8184,0,0,1986-06-25,30,Men,Rio2016,1,0,0.058556287056006365,298725000000,334602000000,384854000000,399122000000,425889000000,Europe
33,Meb Keflezighi,United States,2H 16M 46S,8206,0,0,1975-05-05,41,Men,Rio2016,1,0,0.10431821030985437,18745100000000,19543000000000,20611900000000,21433200000000,20936600000000,North America
34,Anuradha Indrajith Cooray,Sri Lanka,2H 17M 6S,8226,0,0,1978-03-24,38,Men,Rio2016,1,0,0.013603633264450748,82401038710,87421762729,87954272082,83975584254,80706600229,Asia
35,Abdi Hakin Ulad,Denmark,2H 17M 6S,8226,0,0,1991-06-14,25,Men,Rio2016,1,0,0.05318668343951129,313116000000,332121000000,356841000000,347561000000,356085000000,Europe
36,Suehiro Ishikawa,Japan,2H 17M 8S,8228,0,0,1979-09-27,36,Men,Rio2016,0,0,0.006781696875160751,5003680000000,4930840000000,5036890000000,5148780000000,4975420000000,Asia
37,Marius Ionescu,Romania,2H 17M 27S,8247,0,0,1984-12-18,31,Men,Rio2016,1,0,0.056241339263223084,188129000000,211695000000,241457000000,249697000000,248716000000,Europe
38,Ruggero Pertile,Italy,2H 17M 30S,8250,0,0,1974-08-08,42,Men,Rio2016,1,0,0.07115883099002564,1875800000000,1956950000000,2091120000000,2004910000000,1886450000000,Europe
39,Artur Kozłowski,Poland,2H 17M 34S,8254,0,0,1985-01-19,31,Men,Rio2016,1,0,0.0761452711544404,472630000000,526509000000,587409000000,595862000000,594165000000,Europe
40,Nicolas Cuestas,Uruguay,2H 17M 44S,8264,0,0,1986-12-08,29,Men,Rio2016,0,0,0.10936697097958475,57236652490,64233966861,64515038268,61231149881,53628827440,South America
41,Pardon Ndhlovu,Zimbabwe,2H 17M 48S,8268,0,0,1987-08-23,28,Men,Rio2016,1,0,0.006285504867244521,20548678100,19015327919,19523622342,16932434839,16768513443,Africa
42,Víctor Aravena,Chile,2H 17M 49S,8269,0,0,1990-02-05,26,Men,Rio2016,1,0,0.08394514832935757,250440000000,277035000000,297572000000,279385000000,252940000000,South America
43,Saidi Juma Makula,Tanzania,2H 17M 49S,8269,0,0,1994-08-01,22,Men,Rio2016,0,0,8.52107987092757e-6,49774021003,53320625959,57003713748,61136873747,62409748427,Africa
44,Florent Caelen,Belgium,2H 17M 59S,8279,0,0,1989-03-01,27,Men,Rio2016,1,0,0.09677157756863718,475740000000,501523000000,543411000000,533255000000,515332000000,Europe
45,Raul Machacuay,Peru,2H 18M 0S,8280,0,0,1983-02-18,33,Men,Rio2016,1,0,0.06367620423800353,191896000000,211007000000,222575000000,228471000000,202014000000,South America
46,Richer Pérez,Cuba,2H 18M 5S,8285,0,0,1986-02-20,30,Men,Rio2016,1,0,0.027245472080981645,91370000000,96851000000,100050000000,103131000000,NA,North America
47,Michael Shelley,Australia,2H 18M 6S,8286,0,0,1983-10-10,32,Men,Rio2016,1,0,0.0012797479938883804,1208850000000,1329190000000,1432880000000,1396570000000,1330900000000,Oceania
48,Ihor Russ,Ukraine,2H 18M 19S,8299,0,0,1988-09-08,27,Men,Rio2016,1,0,0.05310176973353697,93355993629,112190000000,130902000000,153930000000,155582000000,Europe
49,Carles Castillejo,Spain,2H 18M 34S,8314,0,0,1978-08-18,38,Men,Rio2016,1,0,0.09088392090280903,1232080000000,1309300000000,1420300000000,1393050000000,1281480000000,Europe
50,Ernesto Andres Zamora,Uruguay,2H 18M 36S,8316,1,0,1983-04-13,33,Men,Rio2016,0,0,0.10936697097958475,57236652490,64233966861,64515038268,61231149881,53628827440,South America
51,Ercan Muslu,Turkey,2H 18M 40S,8320,0,0,1988-12-01,27,Men,Rio2016,1,0,0.06597064916546919,869693000000,858996000000,778377000000,761428000000,720101000000,Asia
52,Cristhian Pacheco,Peru,2H 18M 41S,8321,0,0,1993-05-26,23,Men,Rio2016,1,0,0.06367620423800353,191896000000,211007000000,222575000000,228471000000,202014000000,South America
53,Mariano Mastromarino,Argentina,2H 18M 44S,8324,0,0,1982-09-15,33,Men,Rio2016,1,0,0.10647789062239156,557531000000,643629000000,517627000000,445445000000,383067000000,South America
54,Daniel Vargas,Mexico,2H 18M 51S,8331,0,0,1984-03-06,32,Men,Rio2016,1,0,0.02120424545813352,1078490000000,1158910000000,1222350000000,1268870000000,1076160000000,North America
55,Philipp Pflieger,Germany,2H 18M 56S,8336,0,0,1987-07-16,29,Men,Rio2016,1,0,0.04519780649230953,3467500000000,3681730000000,3975350000000,3888330000000,3846410000000,Europe
56,Willem Van Schuerbeeck,Belgium,2H 18M 56S,8336,1,0,1984-10-24,31,Men,Rio2016,1,0,0.09677157756863718,475740000000,501523000000,543411000000,533255000000,515332000000,Europe
57,Stefano La Rosa,Italy,2H 18M 57S,8337,0,0,1985-09-28,30,Men,Rio2016,1,0,0.07115883099002564,1875800000000,1956950000000,2091120000000,2004910000000,1886450000000,Europe
58,Cuthbert Nyasango,Zimbabwe,2H 18M 58S,8338,0,0,1982-09-17,33,Men,Rio2016,1,0,0.006285504867244521,20548678100,19015327919,19523622342,16932434839,16768513443,Africa
59,Marilson Dos Santos,Brazil,2H 19M 9S,8349,0,0,1977-08-06,39,Men,Rio2016,1,0,0.09185060822219354,1795700000000,2063510000000,1916950000000,1877810000000,1444730000000,South America
60,Tewelde Estifanos,Eritrea,2H 19M 12S,8352,0,0,1981-11-02,34,Men,Rio2016,1,0,0.0018271911419578072,NA,NA,NA,NA,NA,Africa
61,Roman Fosti,Estonia,2H 19M 26S,8366,0,0,1983-06-06,33,Men,Rio2016,1,0,0.09964200072519541,24056487771,26857880622,30474612057,31045591753,30650285472,Europe
62,Atef Saad,Tunisia,2H 19M 50S,8390,0,0,1988-03-20,28,Men,Rio2016,1,0,0.047239533420912666,41801284916,39802554352,39770478673,39195716330,39235672868,Africa
63,Tiidrek Nurme,Estonia,2H 20M 1S,8401,0,0,1985-11-11,30,Men,Rio2016,1,0,0.09964200072519541,24056487771,26857880622,30474612057,31045591753,30650285472,Europe
64,Kevin Seaward,Ireland,2H 20M 6S,8406,0,0,1983-10-03,32,Men,Rio2016,1,0,0.058556287056006365,298725000000,334602000000,384854000000,399122000000,425889000000,Europe
65,Jesús España,Spain,2H 20M 8S,8408,0,0,1978-08-21,38,Men,Rio2016,1,0,0.09088392090280903,1232080000000,1309300000000,1420300000000,1393050000000,1281480000000,Europe
66,Raúl Pacheco,Peru,2H 20M 13S,8413,0,0,1979-04-26,37,Men,Rio2016,1,0,0.06367620423800353,191896000000,211007000000,222575000000,228471000000,202014000000,South America
67,Juan Carlos Trujillo,Guatemala,2H 20M 24S,8424,0,0,1985-07-17,31,Men,Rio2016,1,0,0.019213514146663627,66053725049,71654134379,73208583759,77020015201,77604632171,North America
68,Stsiapan Rahautsou,Belarus,2H 20M 34S,8434,0,0,1986-05-29,30,Men,Rio2016,1,0,0.046316978754346476,47722657821,54726595249,60031262269,64409647194,60258239056,Europe
69,Mynhardt Mbeumuna Kawanivi,Namibia,2H 20M 45S,8445,1,0,1984-03-03,32,Men,Rio2016,1,0,0.04502313338969096,10721994676,12895153157,13681065175,12565772085,10699926683,Africa
70,Julian Flügel,Germany,2H 20M 47S,8447,0,0,1986-04-18,30,Men,Rio2016,1,0,0.04519780649230953,3467500000000,3681730000000,3975350000000,3888330000000,3846410000000,Europe
71,Daviti Kharazishvili,Georgia,2H 20M 47S,8447,0,0,1992-04-24,24,Men,Rio2016,1,0,0.0991736386596226,15141758567,16242916916,17599700091,17477255562,15891688903,Asia
72,Rachid Kisri,Morocco,2H 21M 0S,8460,0,0,1975-03-01,41,Men,Rio2016,1,0,0.015381994495992177,103312000000,109683000000,118096000000,119700000000,112871000000,Africa
73,Marhu Teferi,Israel,2H 21M 6S,8466,0,0,1992-08-17,24,Men,Rio2016,1,0,0.0990101023148062,318617000000,352668000000,370456000000,394652000000,401954000000,Asia
74,Remigijus Kančys,Lithuania,2H 21M 10S,8470,0,0,1987-07-17,29,Men,Rio2016,1,0,0.10296327615232904,43018087238,47640770634,53696648755,54639938780,55887271833,Europe
75,Christian Kreienbuhl,Switzerland,2H 21M 13S,8473,0,0,1981-06-06,35,Men,Rio2016,1,0,0.08225400589604301,695601000000,704479000000,735539000000,731767000000,752248000000,Europe
76,Mohamed Hrezi,Libya,2H 21M 17S,8477,0,0,1991-10-28,24,Men,Rio2016,1,0,0.03309903952490996,26197143268,37883243650,52607888718,52091152228,25418461532,Africa
77,Solonei da Silva,Brazil,2H 22M 5S,8525,0,0,1982-04-18,34,Men,Rio2016,1,0,0.09185060822219354,1795700000000,2063510000000,1916950000000,1877810000000,1444730000000,South America
78,Andres Ruiz,Colombia,2H 22M 9S,8529,0,0,1988-07-16,28,Men,Rio2016,1,0,0.09222295654468013,282825000000,311884000000,334198000000,323430000000,271347000000,South America
79,Jackson Kiprop,Uganda,2H 22M 9S,8529,0,0,1986-10-20,29,Men,Rio2016,1,0,0.0019972234975186376,29078589751,30744473840,32912338571,35170037381,37372032558,Africa
80,Scott Westcott,Australia,2H 22M 19S,8539,0,0,1975-09-25,40,Men,Rio2016,1,0,0.0012797479938883804,1208850000000,1329190000000,1432880000000,1396570000000,1330900000000,Oceania
81,Guor Marial,South Sudan,2H 22M 45S,8565,1,0,1984-04-15,32,Men,Rio2016,1,0,9.752782115772144e-4,NA,NA,NA,NA,NA,Africa
82,Uladzislau Pramau,Belarus,2H 22M 48S,8568,0,0,1984-08-03,32,Men,Rio2016,1,0,0.046316978754346476,47722657821,54726595249,60031262269,64409647194,60258239056,Europe
83,Nitendra Singh Rawat,India,2H 22M 52S,8572,0,0,1986-09-29,29,Men,Rio2016,1,0,0.022676059830056265,2294800000000,2651470000000,2701110000000,2870500000000,2622980000000,Asia
84,Miguel Ángel Almachi,Ecuador,2H 23M 0S,8580,0,0,1985-05-02,31,Men,Rio2016,1,0,0.027193922142757548,99937696000,104296000000,107562000000,108108000000,98808010000,South America
85,Ilya Tyapkin,Kyrgyzstan,2H 23M 19S,8599,0,0,1991-08-02,25,Men,Rio2016,1,0,0.023585759521755265,6813092066,7702934800,8271106196,8871019823,7735976613,Asia
86,Gabor Jozsa,Hungary,2H 23M 22S,8602,0,0,1983-08-18,33,Men,Rio2016,1,0,0.08374603404638549,128471000000,142962000000,160431000000,163504000000,155013000000,Europe
87,Gerald Giraldo,Colombia,2H 23M 48S,8628,0,0,1989-03-21,27,Men,Rio2016,1,0,0.09222295654468013,282825000000,311884000000,334198000000,323430000000,271347000000,South America
88,Luis Ariel Molina,Argentina,2H 23M 55S,8635,0,0,1988-03-07,28,Men,Rio2016,1,0,0.10647789062239156,557531000000,643629000000,517627000000,445445000000,383067000000,South America
89,Yonas Kinde,Refugee Olympic Team,2H 24M 8S,8648,0,0,1980-05-07,36,Men,Rio2016,1,0,NA,NA,NA,NA,NA,NA,NA
90,Duo Bujie,China,2H 24M 22S,8662,0,0,1994-02-16,22,Men,Rio2016,1,0,6.553293262407884e-5,11233300000000,12310400000000,13894800000000,14279900000000,14722700000000,Asia
91,Bat-Ochiryn Ser-Od,Mongolia,2H 24M 26S,8666,0,0,1981-10-07,34,Men,Rio2016,1,0,0.04653002234090191,11186734674,11425755280,13108769496,13996719329,13137128659,Asia
92,Jordan Chipangama,Zambia,2H 24M 58S,8698,0,0,1988-11-12,27,Men,Rio2016,1,0,0.010320466389279869,20958412538,25873601261,26311637647,23308688906,19320053859,Africa
93,Hisanori Kitajima,Japan,2H 25M 11S,8711,0,0,1984-10-16,31,Men,Rio2016,0,0,0.006781696875160751,5003680000000,4930840000000,5036890000000,5148780000000,4975420000000,Asia
94,Lebenya Nkoka,Lesotho,2H 25M 13S,8713,0,0,1982-10-19,33,Men,Rio2016,1,0,0.005918538061815323,2114323794,2306843529,2514146888,2366213069,1844510138,Africa
95,Zhu Renxue,China,2H 25M 31S,8731,0,0,1991-04-06,25,Men,Rio2016,1,0,6.553293262407884e-5,11233300000000,12310400000000,13894800000000,14279900000000,14722700000000,Asia
96,Sibusiso Nzima,South Africa,2H 25M 33S,8733,0,0,1986-11-23,29,Men,Rio2016,1,0,0.03949387518085461,296357000000,349554000000,368289000000,351432000000,301924000000,Africa
97,Daniel Estrada,Chile,2H 25M 33S,8733,0,0,1990-02-27,26,Men,Rio2016,1,0,0.08394514832935757,250440000000,277035000000,297572000000,279385000000,252940000000,South America
98,Ambroise Uwiragiye,Rwanda,2H 25M 57S,8757,0,0,1980-12-31,35,Men,Rio2016,1,0,0.00473857393746503,8690485823,9253098954,9640280084,10355974217,10333991892,Africa
99,Ho Chin-ping,Taiwan,2H 26M 0S,8760,0,0,1983-10-23,32,Men,Rio2016,0,0,6.512636576530618e-4,NA,NA,NA,NA,NA,Asia
100,Mihail Krassilov,Kazakhstan,2H 26M 11S,8771,0,0,1990-03-05,26,Men,Rio2016,1,0,0.030637267759463894,137278000000,166806000000,179340000000,181667000000,169835000000,Asia
101,David Carver,Mauritius,2H 26M 16S,8776,0,0,1987-09-05,28,Men,Rio2016,1,0,0.0025012443317054146,12232469392,13259348214,14181930162,14046337855,10914065306,Africa
102,Mick Clohisey,Ireland,2H 26M 34S,8794,0,0,1986-01-13,30,Men,Rio2016,1,0,0.058556287056006365,298725000000,334602000000,384854000000,399122000000,425889000000,Europe
103,Hakim Sadi,Algeria,2H 26M 47S,8807,0,0,1992-11-14,23,Men,Rio2016,1,0,0.003607964353322223,160034000000,170097000000,175415000000,171158000000,145164000000,Africa
104,Roman Prodius,Moldova,2H 27M 1S,8821,0,0,1981-04-12,35,Men,Rio2016,1,0,0.06404743920556534,8071480541,9669759987,11456728401,11968699006,11914040905,Europe
105,Luis Alberto Orta,Venezuela,2H 27M 5S,8825,0,0,1989-01-15,27,Men,Rio2016,1,0,0.01043971005287217,NA,NA,NA,NA,NA,South America
106,Gantulga Dambadarjaa,Mongolia,2H 27M 42S,8862,0,0,1989-02-03,27,Men,Rio2016,1,0,0.04653002234090191,11186734674,11425755280,13108769496,13996719329,13137128659,Asia
107,Enzo Yanez,Chile,2H 27M 47S,8867,0,0,1985-09-13,30,Men,Rio2016,1,0,0.08394514832935757,250440000000,277035000000,297572000000,279385000000,252940000000,South America
108,Gáspár Csere,Hungary,2H 28M 3S,8883,0,0,1991-08-12,25,Men,Rio2016,1,0,0.08374603404638549,128471000000,142962000000,160431000000,163504000000,155013000000,Europe
109,Martin Esteban Cuestas,Uruguay,2H 28M 10S,8890,0,0,1986-12-08,29,Men,Rio2016,0,0,0.10936697097958475,57236652490,64233966861,64515038268,61231149881,53628827440,South America
110,Valdas Dopolskas,Lithuania,2H 28M 21S,8901,0,0,1992-04-30,24,Men,Rio2016,1,0,0.10296327615232904,43018087238,47640770634,53696648755,54639938780,55887271833,Europe
111,Fabiano Joseph Naasi,Tanzania,2H 28M 31S,8911,0,0,1985-12-24,30,Men,Rio2016,0,0,8.52107987092757e-6,49774021003,53320625959,57003713748,61136873747,62409748427,Africa
112,Makorobondo Salukombo,Congo (Kinshasa),2H 28M 54S,8934,0,0,1988-08-13,28,Men,Rio2016,1,0,5.267224261022081e-4,37134799975,38019265626,46831342213,50400746171,49868970641,Africa
113,Derek Hawkins,Great Britain,2H 29M 24S,8964,0,0,1989-04-29,27,Men,Rio2016,1,0,0.08288519972393721,2693250000000,2662480000000,2857320000000,2830810000000,2707740000000,Europe
114,Pierre-Célestin Nihorimbere,Burundi,2H 29M 38S,8978,0,0,1993-01-11,23,Men,Rio2016,0,0,5.061063692956754e-4,2959641047,3172292379,3036937141,3012308946,3258187233,Africa
115,Hristoforos Merousis,Greece,2H 29M 39S,8979,0,0,1982-03-22,34,Men,Rio2016,1,0,0.04500042981636096,192732000000,199631000000,212146000000,205327000000,189410000000,Europe
116,Anton Kosmac,Slovenia,2H 29M 48S,8988,0,0,1976-12-14,39,Men,Rio2016,1,0,0.12432729882458878,44736333522,48469082710,54137142149,54178877606,53589609581,Europe
117,José Amado García,Guatemala,2H 30M 11S,9011,0,0,1977-09-13,38,Men,Rio2016,1,0,0.019213514146663627,66053725049,71654134379,73208583759,77020015201,77604632171,North America
118,Andjelko Risticevic,Serbia,2H 30M 17S,9017,0,0,1985-12-23,30,Men,Rio2016,1,0,0.08234308493288026,40692643373,44179055280,50640650221,51475016532,52960134079,Europe
119,Ricardo Ramos,Mexico,2H 30M 20S,9020,0,0,1985-12-05,30,Men,Rio2016,1,0,0.02120424545813352,1078490000000,1158910000000,1222350000000,1268870000000,1076160000000,North America
120,Tesama Moogas,Israel,2H 30M 30S,9030,0,0,1988-02-02,28,Men,Rio2016,1,0,0.0990101023148062,318617000000,352668000000,370456000000,394652000000,401954000000,Asia
121,Ageze Guadie,Israel,2H 30M 45S,9045,0,0,1989-09-11,26,Men,Rio2016,1,0,0.0990101023148062,318617000000,352668000000,370456000000,394652000000,401954000000,Asia
122,Rui Pedro Silva,Portugal,2H 30M 52S,9052,0,0,1981-05-06,35,Men,Rio2016,1,0,0.09250476648980892,206286000000,220811000000,242195000000,239511000000,231227000000,Europe
123,Segundo Jami,Ecuador,2H 31M 7S,9067,0,0,1986-05-12,30,Men,Rio2016,1,0,0.027193922142757548,99937696000,104296000000,107562000000,108108000000,98808010000,South America
124,Diego Colorado,Colombia,2H 31M 20S,9080,0,0,1973-08-31,42,Men,Rio2016,1,0,0.09222295654468013,282825000000,311884000000,334198000000,323430000000,271347000000,South America
125,Bekir Karayel,Turkey,2H 31M 27S,9087,0,0,1982-05-10,34,Men,Rio2016,1,0,0.06597064916546919,869693000000,858996000000,778377000000,761428000000,720101000000,Asia
126,Nicolae-Alexandru Soare,Romania,2H 31M 53S,9113,0,0,1991-09-20,24,Men,Rio2016,1,0,0.056241339263223084,188129000000,211695000000,241457000000,249697000000,248716000000,Europe
127,Yared Shegumo,Poland,2H 31M 54S,9114,0,0,1983-01-10,33,Men,Rio2016,1,0,0.0761452711544404,472630000000,526509000000,587409000000,595862000000,594165000000,Europe
128,Mohammad Jafar Moradi,Iran,2H 31M 58S,9118,0,0,1990-04-10,26,Men,Rio2016,1,0,0.04314457190235948,417984000000,445345000000,294357000000,258245000000,191718000000,Asia
129,Byambajav Tseveenravdan,Mongolia,2H 36M 14S,9374,0,0,1990-07-07,26,Men,Rio2016,1,0,0.04653002234090191,11186734674,11425755280,13108769496,13996719329,13137128659,Asia
130,Son Myeong-jun,South Korea,2H 36M 21S,9381,0,0,1994-01-17,22,Men,Rio2016,0,0,0.0036227025501849716,1500110000000,1623900000000,1724850000000,1646740000000,1630530000000,Asia
131,Michael Kalomiris,Greece,2H 37M 3S,9423,0,0,1986-10-09,29,Men,Rio2016,1,0,0.04500042981636096,192732000000,199631000000,212146000000,205327000000,189410000000,Europe
132,Boonthung Srisung,Thailand,2H 37M 46S,9466,0,0,1981-05-30,35,Men,Rio2016,1,0,0.006491864510329788,413366000000,456357000000,506611000000,544264000000,501795000000,Asia
133,Ricardo Ribas,Portugal,2H 38M 29S,9509,0,0,1977-10-08,38,Men,Rio2016,1,0,0.09250476648980892,206286000000,220811000000,242195000000,239511000000,231227000000,Europe
134,Jorge Castelblanco,Panama,2H 39M 25S,9565,0,0,1987-09-23,28,Men,Rio2016,1,0,0.09892745102401798,57907700000,62202700000,64928300000,66787900000,52938100000,North America
135,Derlis Ayala,Paraguay,2H 39M 40S,9580,0,0,1990-01-07,26,Men,Rio2016,1,0,0.0627917443039146,36089550659,38997129474,40225448341,37906944075,35304238230,South America
136,Federico Bruno,Argentina,2H 40M 5S,9605,0,0,1993-06-18,23,Men,Rio2016,1,0,0.10647789062239156,557531000000,643629000000,517627000000,445445000000,383067000000,South America
137,Shim Jung-sub,South Korea,2H 42M 42S,9762,0,0,1991-02-21,25,Men,Rio2016,0,0,0.0036227025501849716,1500110000000,1623900000000,1724850000000,1646740000000,1630530000000,Asia
138,Kuniaki Takizaki,Cambodia,2H 45M 55S,9955,0,0,1977-08-08,39,Men,Rio2016,1,0,0.0042119218939969455,20016747754,22177200512,24571753584,27089389787,25291251427,Asia
139,Methkal Abu Drais,Jordan,2H 46M 18S,9978,0,0,1983-12-29,32,Men,Rio2016,1,0,0.07479128974021723,39892551127,41408960845,42932112676,44502895915,43697659275,Asia
NA,Wesley Korir,Kenya,NA,NA,NA,1,1982-11-15,33,Men,Rio2016,1,0,0.00362853418087344,69188755364,78965004656,87778582964,95503088538,98842939649,Africa
NA,Stanley Kipleting Biwott,Kenya,NA,NA,NA,1,1986-04-21,30,Men,Rio2016,1,0,0.00362853418087344,69188755364,78965004656,87778582964,95503088538,98842939649,Africa
NA,Isaac Korir,Bahrain,NA,NA,NA,1,1990-08-26,25,Men,Rio2016,1,0,0.15763262797054273,32234973404,35473776596,37652500000,38474521277,NA,Asia
NA,Tsepo Mathibelle,Lesotho,NA,NA,NA,1,1991-06-30,25,Men,Rio2016,1,0,0.005918538061815323,2114323794,2306843529,2514146888,2366213069,1844510138,Africa
NA,Wissem Hosni,Tunisia,NA,NA,NA,1,1985-03-08,31,Men,Rio2016,1,0,0.047239533420912666,41801284916,39802554352,39770478673,39195716330,39235672868,Africa
NA,Henryk Szost,Poland,NA,NA,NA,1,1982-01-20,34,Men,Rio2016,1,0,0.0761452711544404,472630000000,526509000000,587409000000,595862000000,594165000000,Europe
NA,Lungile Gongqa,South Africa,NA,NA,NA,1,1979-02-22,37,Men,Rio2016,1,0,0.03949387518085461,296357000000,349554000000,368289000000,351432000000,301924000000,Africa
NA,El Hadi Laameche,Algeria,NA,NA,NA,1,1990-03-05,26,Men,Rio2016,1,0,0.003607964353322223,160034000000,170097000000,175415000000,171158000000,145164000000,Africa
NA,Alemu Bekele,Bahrain,NA,NA,NA,1,1990-03-23,26,Men,Rio2016,1,0,0.15763262797054273,32234973404,35473776596,37652500000,38474521277,NA,Asia
NA,Abraham Niyonkuru,Burundi,NA,NA,NA,1,1989-12-26,26,Men,Rio2016,0,0,5.061063692956754e-4,2959641047,3172292379,3036937141,3012308946,3258187233,Africa
NA,Wirimai Juwawo,Zimbabwe,NA,NA,NA,1,1980-11-07,35,Men,Rio2016,1,0,0.006285504867244521,20548678100,19015327919,19523622342,16932434839,16768513443,Africa
NA,Tesfaye Abera,Ethiopia,NA,NA,NA,1,1992-03-31,24,Men,Rio2016,1,0,0.0024190703937959205,74296618481,81770791971,84269348327,95912590628,107645000000,Africa
NA,Tsegai Tewelde,Great Britain,NA,NA,NA,1,1989-12-08,26,Men,Rio2016,1,0,0.08288519972393721,2693250000000,2662480000000,2857320000000,2830810000000,2707740000000,Europe
NA,Daniele Meucci,Italy,NA,NA,NA,1,1985-10-07,30,Men,Rio2016,1,0,0.07115883099002564,1875800000000,1956950000000,2091120000000,2004910000000,1886450000000,Europe
NA,Andrey Petrov,Uzbekistan,NA,NA,NA,1,1986-10-13,29,Men,Rio2016,1,0,0.003646576662919241,81779012351,59159945321,50392607758,57726542785,57707189945,Asia
NA,Abdelmajid El Hissouf,Morocco,NA,NA,NA,1,1992-09-23,23,Men,Rio2016,1,0,0.015381994495992177,103312000000,109683000000,118096000000,119700000000,112871000000,Africa
1,Jemima Sumgong,Kenya,2H 24M 4S,8644,0,0,1984-12-21,31,Women,Rio2016,1,0,0.00362853418087344,69188755364,78965004656,87778582964,95503088538,98842939649,Africa
2,Eunice Kirwa,Bahrain,2H 24M 13S,8653,0,0,1984-05-20,32,Women,Rio2016,1,0,0.15763262797054273,32234973404,35473776596,37652500000,38474521277,NA,Asia
3,Mare Dibaba,Ethiopia,2H 24M 30S,8670,0,0,1989-10-20,26,Women,Rio2016,1,0,0.0024190703937959205,74296618481,81770791971,84269348327,95912590628,107645000000,Africa
4,Tirfi Tsegaye,Ethiopia,2H 24M 47S,8687,0,0,1984-11-25,31,Women,Rio2016,1,0,0.0024190703937959205,74296618481,81770791971,84269348327,95912590628,107645000000,Africa
5,Volha Mazuronak,Belarus,2H 24M 48S,8688,0,0,1989-04-14,27,Women,Rio2016,1,0,0.046316978754346476,47722657821,54726595249,60031262269,64409647194,60258239056,Europe
6,Shalane Flanagan,United States,2H 25M 26S,8726,1,0,1981-07-08,35,Women,Rio2016,1,0,0.10431821030985437,18745100000000,19543000000000,20611900000000,21433200000000,20936600000000,North America
7,Desiree Linden,United States,2H 26M 8S,8768,1,0,1983-07-26,33,Women,Rio2016,1,0,0.10431821030985437,18745100000000,19543000000000,20611900000000,21433200000000,20936600000000,North America
8,Rose Chelimo,Bahrain,2H 27M 36S,8856,0,0,1989-07-12,27,Women,Rio2016,1,0,0.15763262797054273,32234973404,35473776596,37652500000,38474521277,NA,Asia
9,Amy Cragg,United States,2H 28M 25S,8905,0,0,1984-01-21,32,Women,Rio2016,1,0,0.10431821030985437,18745100000000,19543000000000,20611900000000,21433200000000,20936600000000,North America
10,Kim Hye-song,North Korea,2H 28M 36S,8916,1,0,1993-03-09,23,Women,Rio2016,1,0,NA,NA,NA,NA,NA,NA,Asia
11,Kim Hye-gyong,North Korea,2H 28M 36S,8916,0,0,1993-03-09,23,Women,Rio2016,1,0,NA,NA,NA,NA,NA,NA,Asia
12,Jeļena Prokopčuka,Latvia,2H 29M 32S,8972,0,0,1976-09-21,39,Women,Rio2016,1,0,0.07334527266962923,28052325862,30383528686,34399206590,34055464655,33505185229,Europe
13,Valeria Straneo,Italy,2H 29M 44S,8984,1,0,1976-04-05,40,Women,Rio2016,1,0,0.07115883099002564,1875800000000,1956950000000,2091120000000,2004910000000,1886450000000,Europe
14,Kayoko Fukushi,Japan,2H 29M 53S,8993,0,0,1982-03-25,34,Women,Rio2016,0,0,0.006781696875160751,5003680000000,4930840000000,5036890000000,5148780000000,4975420000000,Asia
15,Gladys Tejeda,Peru,2H 29M 55S,8995,1,0,1985-09-30,30,Women,Rio2016,1,0,0.06367620423800353,191896000000,211007000000,222575000000,228471000000,202014000000,South America
16,Ana Dulce Félix,Portugal,2H 30M 39S,9039,0,0,1982-10-23,33,Women,Rio2016,1,0,0.09250476648980892,206286000000,220811000000,242195000000,239511000000,231227000000,Europe
17,Diana Lobačevskė,Lithuania,2H 30M 48S,9048,0,0,1980-08-07,36,Women,Rio2016,1,0,0.10296327615232904,43018087238,47640770634,53696648755,54639938780,55887271833,Europe
18,Milly Clark,Australia,2H 30M 53S,9053,0,0,1989-03-01,27,Women,Rio2016,1,0,0.0012797479938883804,1208850000000,1329190000000,1432880000000,1396570000000,1330900000000,Oceania
19,Tomomi Tanaka,Japan,2H 31M 12S,9072,0,0,1988-01-25,28,Women,Rio2016,0,0,0.006781696875160751,5003680000000,4930840000000,5036890000000,5148780000000,4975420000000,Asia
20,Fionnuala McCormack,Ireland,2H 31M 22S,9082,1,0,1984-09-24,31,Women,Rio2016,1,0,0.058556287056006365,298725000000,334602000000,384854000000,399122000000,425889000000,Europe
21,Iwona Lewandowska,Poland,2H 31M 41S,9101,0,0,1985-02-19,31,Women,Rio2016,1,0,0.0761452711544404,472630000000,526509000000,587409000000,595862000000,594165000000,Europe
22,Jessica Trengove,Australia,2H 31M 44S,9104,0,0,1987-08-15,28,Women,Rio2016,1,0,0.0012797479938883804,1208850000000,1329190000000,1432880000000,1396570000000,1330900000000,Oceania
23,Monika Stefanowicz,Poland,2H 32M 49S,9169,0,0,1980-05-15,36,Women,Rio2016,1,0,0.0761452711544404,472630000000,526509000000,587409000000,595862000000,594165000000,Europe
24,Lanni Marchant,Canada,2H 33M 8S,9188,0,0,1984-04-11,32,Women,Rio2016,1,0,0.03745756300222757,1527990000000,1649270000000,1721850000000,1741580000000,1644040000000,North America
25,Catherine Bertone,Italy,2H 33M 29S,9209,0,0,1972-05-06,44,Women,Rio2016,1,0,0.07115883099002564,1875800000000,1956950000000,2091120000000,2004910000000,1886450000000,Europe
26,Eva Vrabcová-Nývltová,Czech Republic,2H 33M 51S,9231,0,0,1986-02-06,30,Women,Rio2016,1,0,0.1561243636416608,196272000000,218629000000,248950000000,252498000000,245349000000,Europe
27,Lilia Fisikowici,Moldova,2H 34M 5S,9245,1,0,1989-03-29,27,Women,Rio2016,1,0,0.06404743920556534,8071480541,9669759987,11456728401,11968699006,11914040905,Europe
28,Alyson Dixon,Great Britain,2H 34M 11S,9251,0,0,1978-09-24,37,Women,Rio2016,1,0,0.08288519972393721,2693250000000,2662480000000,2857320000000,2830810000000,2707740000000,Europe
29,Maja Neuenschwander,Switzerland,2H 34M 27S,9267,0,0,1980-02-13,36,Women,Rio2016,1,0,0.08225400589604301,695601000000,704479000000,735539000000,731767000000,752248000000,Europe
30,Sonia Samuels,Great Britain,2H 34M 36S,9276,0,0,1979-05-16,37,Women,Rio2016,1,0,0.08288519972393721,2693250000000,2662480000000,2857320000000,2830810000000,2707740000000,Europe
31,Lisa Jane Weightman,Australia,2H 34M 41S,9281,0,0,1979-01-16,37,Women,Rio2016,1,0,0.0012797479938883804,1208850000000,1329190000000,1432880000000,1396570000000,1330900000000,Oceania
32,Madaí Pérez,Mexico,2H 34M 42S,9282,0,0,1980-02-02,36,Women,Rio2016,1,0,0.02120424545813352,1078490000000,1158910000000,1222350000000,1268870000000,1076160000000,North America
33,Olha Kotovska,Ukraine,2H 34M 57S,9297,1,0,1983-09-05,32,Women,Rio2016,1,0,0.05310176973353697,93355993629,112190000000,130902000000,153930000000,155582000000,Europe
34,Azucena Díaz,Spain,2H 35M 2S,9302,0,0,1982-12-19,33,Women,Rio2016,1,0,0.09088392090280903,1232080000000,1309300000000,1420300000000,1393050000000,1281480000000,Europe
35,Krista DuChene,Canada,2H 35M 29S,9329,0,0,1977-01-09,39,Women,Rio2016,1,0,0.03745756300222757,1527990000000,1649270000000,1721850000000,1741580000000,1644040000000,North America
36,Jovana de la Cruz,Peru,2H 35M 49S,9349,0,0,1992-07-12,24,Women,Rio2016,1,0,0.06367620423800353,191896000000,211007000000,222575000000,228471000000,202014000000,South America
37,Rasa Drazdauskaitė,Lithuania,2H 35M 50S,9350,0,0,1981-03-20,35,Women,Rio2016,1,0,0.10296327615232904,43018087238,47640770634,53696648755,54639938780,55887271833,Europe
38,Vaida Žūsinaitė,Lithuania,2H 35M 53S,9353,0,0,1988-01-13,28,Women,Rio2016,1,0,0.10296327615232904,43018087238,47640770634,53696648755,54639938780,55887271833,Europe
39,Yiu Kit Ching,Hong Kong,2H 36M 11S,9371,1,0,1988-02-20,28,Women,Rio2016,1,0,NA,NA,NA,NA,NA,NA,Asia
40,Jessica Draskau-Petersson,Denmark,2H 36M 14S,9374,0,0,1977-09-08,38,Women,Rio2016,1,0,0.05318668343951129,313116000000,332121000000,356841000000,347561000000,356085000000,Europe
41,Beata Naigambo,Namibia,2H 36M 32S,9392,0,0,1980-03-11,36,Women,Rio2016,1,0,0.04502313338969096,10721994676,12895153157,13681065175,12565772085,10699926683,Africa
42,Ahn Seul-ki,South Korea,2H 36M 50S,9410,0,0,1992-05-29,24,Women,Rio2016,0,0,0.0036227025501849716,1500110000000,1623900000000,1724850000000,1646740000000,1630530000000,Asia
43,Angie Orjuela,Colombia,2H 37M 5S,9425,0,0,1989-05-09,27,Women,Rio2016,1,0,0.09222295654468013,282825000000,311884000000,334198000000,323430000000,271347000000,South America
44,Anja Scherl,Germany,2H 37M 23S,9443,0,0,1986-04-12,30,Women,Rio2016,1,0,0.04519780649230953,3467500000000,3681730000000,3975350000000,3888330000000,3846410000000,Europe
45,Maryna Damantsevich,Belarus,2H 37M 34S,9454,0,0,1984-02-10,32,Women,Rio2016,1,0,0.046316978754346476,47722657821,54726595249,60031262269,64409647194,60258239056,Europe
46,Mai Ito,Japan,2H 37M 37S,9457,0,0,1984-05-23,32,Women,Rio2016,0,0,0.006781696875160751,5003680000000,4930840000000,5036890000000,5148780000000,4975420000000,Asia
47,Veerle Dejaeghere,Belgium,2H 37M 39S,9459,0,0,1973-08-01,43,Women,Rio2016,1,0,0.09677157756863718,475740000000,501523000000,543411000000,533255000000,515332000000,Europe
48,Margarita Hernández,Mexico,2H 38M 15S,9495,0,0,1985-12-03,30,Women,Rio2016,1,0,0.02120424545813352,1078490000000,1158910000000,1222350000000,1268870000000,1076160000000,North America
49,Kim Kum-ok,North Korea,2H 38M 24S,9504,0,0,1988-12-09,27,Women,Rio2016,1,0,NA,NA,NA,NA,NA,NA,Asia
50,Kenza Dahmani,Algeria,2H 38M 37S,9517,0,0,1980-11-18,35,Women,Rio2016,1,0,0.003607964353322223,160034000000,170097000000,175415000000,171158000000,145164000000,Africa
51,Anne-Mari Hyryläinen,Finland,2H 39M 2S,9542,0,0,1978-08-15,37,Women,Rio2016,1,0,0.018342388116485985,240608000000,255017000000,275580000000,268782000000,269751000000,Europe
52,Zsófia Erdélyi,Hungary,2H 39M 4S,9544,0,0,1987-12-10,28,Women,Rio2016,1,0,0.08374603404638549,128471000000,142962000000,160431000000,163504000000,155013000000,Europe
53,Yue Chao,China,2H 39M 9S,9549,0,0,1991-01-05,25,Women,Rio2016,1,0,6.553293262407884e-5,11233300000000,12310400000000,13894800000000,14279900000000,14722700000000,Asia
54,Sitora Hamidova,Uzbekistan,2H 39M 45S,9585,1,0,1989-05-12,27,Women,Rio2016,1,0,0.003646576662919241,81779012351,59159945321,50392607758,57726542785,57707189945,Asia
55,Anne Holm Baumeister,Denmark,2H 39M 49S,9589,0,0,1987-12-29,28,Women,Rio2016,1,0,0.05318668343951129,313116000000,332121000000,356841000000,347561000000,356085000000,Europe
56,Helalia Johannes,Namibia,2H 39M 55S,9595,0,0,1980-08-13,36,Women,Rio2016,1,0,0.04502313338969096,10721994676,12895153157,13681065175,12565772085,10699926683,Africa
57,Lizzie Lee,Ireland,2H 39M 57S,9597,0,0,1980-05-22,36,Women,Rio2016,1,0,0.058556287056006365,298725000000,334602000000,384854000000,399122000000,425889000000,Europe
58,Esma Aydemir,Turkey,2H 39M 59S,9599,0,0,1992-01-01,24,Women,Rio2016,1,0,0.06597064916546919,869693000000,858996000000,778377000000,761428000000,720101000000,Asia
59,Iuliia Andreeva,Kyrgyzstan,2H 40M 34S,9634,0,0,1981-03-07,35,Women,Rio2016,1,0,0.023585759521755265,6813092066,7702934800,8271106196,8871019823,7735976613,Asia
60,Andrea Deelstra,Netherlands,2H 40M 49S,9649,0,0,1985-03-06,31,Women,Rio2016,1,0,0.10831664757596977,783528000000,831810000000,913597000000,910194000000,913865000000,Europe
61,Ilona Marhele,Latvia,2H 41M 2S,9662,0,0,1986-04-05,30,Women,Rio2016,1,0,0.07334527266962923,28052325862,30383528686,34399206590,34055464655,33505185229,Europe
62,Viktoriia Poliudina,Kyrgyzstan,2H 41M 37S,9697,0,0,1989-06-29,27,Women,Rio2016,1,0,0.023585759521755265,6813092066,7702934800,8271106196,8871019823,7735976613,Asia
63,Dina Lebo Phalula,South Africa,2H 41M 46S,9706,0,0,1983-12-09,32,Women,Rio2016,1,0,0.03949387518085461,296357000000,349554000000,368289000000,351432000000,301924000000,Africa
64,Andrea Mayr,Austria,2H 41M 52S,9712,0,0,1979-10-15,36,Women,Rio2016,1,0,0.07274793480191863,395569000000,416207000000,454873000000,445075000000,430947000000,Europe
65,Krisztina Papp,Hungary,2H 42M 3S,9723,0,0,1982-12-17,33,Women,Rio2016,1,0,0.08374603404638549,128471000000,142962000000,160431000000,163504000000,155013000000,Europe
66,Svitlana Stanko-Klymenko,Ukraine,2H 42M 26S,9746,0,0,1976-05-13,40,Women,Rio2016,1,0,0.05310176973353697,93355993629,112190000000,130902000000,153930000000,155582000000,Europe
67,Mayada Al-Sayad,Palestine,2H 42M 28S,9748,0,0,1992-10-26,23,Women,Rio2016,1,0,NA,NA,NA,NA,NA,NA,NA
68,Nyakisi Adero,Uganda,2H 42M 39S,9759,1,0,1986-07-02,30,Women,Rio2016,1,0,0.0019972234975186376,29078589751,30744473840,32912338571,35170037381,37372032558,Africa
69,Adriana Aparecida da Silva,Brazil,2H 43M 22S,9802,0,0,1981-07-22,35,Women,Rio2016,1,0,0.09185060822219354,1795700000000,2063510000000,1916950000000,1877810000000,1444730000000,South America
70,Lim Kyung-hee,South Korea,2H 43M 31S,9811,0,0,1982-11-16,33,Women,Rio2016,0,0,0.0036227025501849716,1500110000000,1623900000000,1724850000000,1646740000000,1630530000000,Asia
71,Beverly Ramos,Puerto Rico,2H 43M 52S,9832,0,0,1987-08-24,28,Women,Rio2016,1,0,NA,NA,NA,NA,NA,NA,North America
72,Munkhzaya Bayartsogt,Mongolia,2H 43M 55S,9835,0,0,1993-10-10,22,Women,Rio2016,1,0,0.04653002234090191,11186734674,11425755280,13108769496,13996719329,13137128659,Asia
73,Erika Abril,Colombia,2H 44M 5S,9845,0,0,1978-03-29,38,Women,Rio2016,1,0,0.09222295654468013,282825000000,311884000000,334198000000,323430000000,271347000000,South America
74,Manuela Soccol,Belgium,2H 44M 18S,9858,0,0,1988-06-16,28,Women,Rio2016,1,0,0.09677157756863718,475740000000,501523000000,543411000000,533255000000,515332000000,Europe
75,Alina Armas,Namibia,2H 44M 20S,9860,0,0,1983-09-10,32,Women,Rio2016,1,0,0.04502313338969096,10721994676,12895153157,13681065175,12565772085,10699926683,Africa
76,Breege Connolly,Ireland,2H 44M 41S,9881,0,0,1978-02-01,38,Women,Rio2016,1,0,0.058556287056006365,298725000000,334602000000,384854000000,399122000000,425889000000,Europe
77,Marina Khmelevskaya,Uzbekistan,2H 45M 6S,9906,0,0,1990-07-30,26,Women,Rio2016,1,0,0.003646576662919241,81779012351,59159945321,50392607758,57726542785,57707189945,Asia
78,Marily dos Santos,Brazil,2H 45M 8S,9908,0,0,1978-02-05,38,Women,Rio2016,1,0,0.09185060822219354,1795700000000,2063510000000,1916950000000,1877810000000,1444730000000,South America
79,Hua Shaoqing,China,2H 45M 9S,9909,0,0,1994-02-12,22,Women,Rio2016,1,0,6.553293262407884e-5,11233300000000,12310400000000,13894800000000,14279900000000,14722700000000,Asia
80,Nebiat Habtemariam,Eritrea,2H 45M 21S,9921,0,0,1978-12-29,37,Women,Rio2016,1,0,0.0018271911419578072,NA,NA,NA,NA,NA,Africa
81,Anna Hahner,Germany,2H 45M 32S,9932,0,0,1989-11-20,26,Women,Rio2016,1,0,0.04519780649230953,3467500000000,3681730000000,3975350000000,3888330000000,3846410000000,Europe
82,Lisa Hahner,Germany,2H 45M 33S,9933,0,0,1989-11-20,26,Women,Rio2016,1,0,0.04519780649230953,3467500000000,3681730000000,3975350000000,3888330000000,3846410000000,Europe
83,Tünde Szabó,Hungary,2H 45M 37S,9937,0,0,1989-02-08,27,Women,Rio2016,1,0,0.08374603404638549,128471000000,142962000000,160431000000,163504000000,155013000000,Europe
84,Els Rens,Belgium,2H 45M 52S,9952,0,0,1983-02-19,33,Women,Rio2016,1,0,0.09677157756863718,475740000000,501523000000,543411000000,533255000000,515332000000,Europe
85,Luvsanlkhündegiin Otgonbayar,Mongolia,2H 45M 55S,9955,0,0,1982-07-13,34,Women,Rio2016,1,0,0.04653002234090191,11186734674,11425755280,13108769496,13996719329,13137128659,Asia
86,Visiline Jepkesho,Kenya,2H 46M 5S,9965,0,0,1989-12-30,26,Women,Rio2016,1,0,0.00362853418087344,69188755364,78965004656,87778582964,95503088538,98842939649,Africa
87,Nataliya Lehonkova,Ukraine,2H 46M 8S,9968,0,0,1982-12-27,33,Women,Rio2016,1,0,0.05310176973353697,93355993629,112190000000,130902000000,153930000000,155582000000,Europe
88,Ourania Rebouli,Greece,2H 46M 32S,9992,0,0,1989-05-16,27,Women,Rio2016,1,0,0.04500042981636096,192732000000,199631000000,212146000000,205327000000,189410000000,Europe
89,O. P. Jaisha,India,2H 47M 19S,10039,0,0,1983-05-23,33,Women,Rio2016,1,0,0.022676059830056265,2294800000000,2651470000000,2701110000000,2870500000000,2622980000000,Asia
90,Maor Tiyouri,Israel,2H 47M 27S,10047,0,0,1990-08-13,26,Women,Rio2016,1,0,0.0990101023148062,318617000000,352668000000,370456000000,394652000000,401954000000,Asia
91,Jane Vongvorachoti,Thailand,2H 47M 27S,10047,0,0,1984-01-07,32,Women,Rio2016,1,0,0.006491864510329788,413366000000,456357000000,506611000000,544264000000,501795000000,Asia
92,Rutendo Nyahora,Zimbabwe,2H 47M 32S,10052,0,0,1988-11-11,27,Women,Rio2016,1,0,0.006285504867244521,20548678100,19015327919,19523622342,16932434839,16768513443,Africa
93,Yolimar Pineda,Venezuela,2H 47M 34S,10054,0,0,1985-11-14,30,Women,Rio2016,1,0,0.01043971005287217,NA,NA,NA,NA,NA,South America
94,Mariya Korobitskaya,Kyrgyzstan,2H 47M 53S,10073,0,0,1990-05-10,26,Women,Rio2016,1,0,0.023585759521755265,6813092066,7702934800,8271106196,8871019823,7735976613,Asia
95,Silvia Paredes,Ecuador,2H 48M 1S,10081,0,0,1983-01-23,33,Women,Rio2016,1,0,0.027193922142757548,99937696000,104296000000,107562000000,108108000000,98808010000,South America
96,Christine Kalmer,South Africa,2H 48M 24S,10104,0,0,1986-02-10,30,Women,Rio2016,1,0,0.03949387518085461,296357000000,349554000000,368289000000,351432000000,301924000000,Africa
97,Lily Luik,Estonia,2H 48M 29S,10109,0,0,1985-10-14,30,Women,Rio2016,1,0,0.09964200072519541,24056487771,26857880622,30474612057,31045591753,30650285472,Europe
98,Tereza Master,Malawi,2H 48M 34S,10114,1,0,1988-09-21,27,Women,Rio2016,1,0,0.002426404034928467,5433040160,8787570920,9712994565,10862613622,11961848553,Africa
99,María Elena Calle,Ecuador,2H 48M 39S,10119,0,0,1975-07-25,41,Women,Rio2016,1,0,0.027193922142757548,99937696000,104296000000,107562000000,108108000000,98808010000,South America
100,Rosa Chacha,Ecuador,2H 48M 52S,10132,0,0,1982-12-08,33,Women,Rio2016,1,0,0.027193922142757548,99937696000,104296000000,107562000000,108108000000,98808010000,South America
101,Paula Todoran,Romania,2H 48M 54S,10134,0,0,1985-06-09,31,Women,Rio2016,1,0,0.056241339263223084,188129000000,211695000000,241457000000,249697000000,248716000000,Europe
102,Dailín Belmonte,Cuba,2H 48M 58S,10138,0,0,1985-10-15,30,Women,Rio2016,1,0,0.027245472080981645,91370000000,96851000000,100050000000,103131000000,NA,North America
103,Sofia Riga,Greece,2H 49M 7S,10147,0,0,1988-07-18,28,Women,Rio2016,1,0,0.04500042981636096,192732000000,199631000000,212146000000,205327000000,189410000000,Europe
104,Matea Matošević,Croatia,2H 50M 0S,10200,0,0,1989-03-14,27,Women,Rio2016,1,0,0.08821080621289523,51601147666,55481644098,61375222347,60752588976,55966581780,Europe
105,Érika Olivera,Chile,2H 50M 29S,10229,0,0,1976-01-04,40,Women,Rio2016,1,0,0.08394514832935757,250440000000,277035000000,297572000000,279385000000,252940000000,South America
106,Ariana Hilborn,Latvia,2H 50M 51S,10251,0,0,1980-09-19,35,Women,Rio2016,1,0,0.07334527266962923,28052325862,30383528686,34399206590,34055464655,33505185229,Europe
107,Katarína Berešová,Slovakia,2H 50M 54S,10254,0,0,1987-10-10,28,Women,Rio2016,1,0,0.14210800962627043,89655253976,95209466459,105475000000,105119000000,104574000000,Europe
108,Militsa Mircheva,Bulgaria,2H 51M 6S,10266,0,0,1994-05-24,22,Women,Rio2016,1,0,0.0609402535387414,53806894796,58971520599,66230155100,68558815112,69105101090,Europe
109,Chirine Njeim,Lebanon,2H 51M 8S,10268,0,0,1984-10-04,31,Women,Rio2016,1,0,0.08100149411569244,51205122504,53140638269,54961275742,51991634492,33383246858,Asia
110,Rosa Godoy,Argentina,2H 52M 31S,10351,0,0,1982-03-19,34,Women,Rio2016,1,0,0.10647789062239156,557531000000,643629000000,517627000000,445445000000,383067000000,South America
111,Sultan Haydar,Turkey,2H 53M 57S,10437,0,0,1985-05-23,31,Women,Rio2016,1,0,0.06597064916546919,869693000000,858996000000,778377000000,761428000000,720101000000,Asia
112,Meryem Erdoğan,Turkey,2H 54M 4S,10444,0,0,1990-04-24,26,Women,Rio2016,1,0,0.06597064916546919,869693000000,858996000000,778377000000,761428000000,720101000000,Asia
113,Hsieh Chien-ho,Taiwan,2H 54M 18S,10458,0,0,1987-11-25,28,Women,Rio2016,0,0,6.512636576530618e-4,NA,NA,NA,NA,NA,Asia
114,Leila Luik,Estonia,2H 54M 38S,10478,0,0,1985-10-14,30,Women,Rio2016,1,0,0.09964200072519541,24056487771,26857880622,30474612057,31045591753,30650285472,Europe
115,Carmen Martínez,Paraguay,2H 56M 43S,10603,0,0,1982-12-26,33,Women,Rio2016,1,0,0.0627917443039146,36089550659,38997129474,40225448341,37906944075,35304238230,South America
116,Lucia Kimani,Bosnia and Herzegovina,2H 58M 22S,10702,0,0,1981-06-21,35,Women,Rio2016,1,0,0.06260151822032026,16913330694,18080118128,20183510561,20202479538,19788422248,Europe
117,Rosemary Quispe,Bolivia,2H 58M 32S,10712,0,0,1983-08-20,32,Women,Rio2016,1,0,0.03994832874997569,33941126194,37508642171,40287647931,40895322851,36688861203,South America
118,Panayiota Vlahaki,Greece,2H 59M 12S,10752,0,0,1991-04-03,25,Women,Rio2016,1,0,0.04500042981636096,192732000000,199631000000,212146000000,205327000000,189410000000,Europe
119,Marija Vrajić,Croatia,2H 59M 24S,10764,0,0,1976-09-23,39,Women,Rio2016,1,0,0.08821080621289523,51601147666,55481644098,61375222347,60752588976,55966581780,Europe
120,Kavita Tungar,India,2H 59M 29S,10769,0,0,1985-05-05,31,Women,Rio2016,1,0,0.022676059830056265,2294800000000,2651470000000,2701110000000,2870500000000,2622980000000,Asia
121,Sara Ramadhani,Tanzania,3H 0M 3S,10803,0,0,1987-12-30,28,Women,Rio2016,0,0,8.52107987092757e-6,49774021003,53320625959,57003713748,61136873747,62409748427,Africa
122,Irina Smolnikova,Kazakhstan,3H 0M 31S,10831,0,0,1980-07-21,36,Women,Rio2016,1,0,0.030637267759463894,137278000000,166806000000,179340000000,181667000000,169835000000,Asia
123,Natalia Romero,Chile,3H 1M 29S,10889,0,0,1980-02-26,36,Women,Rio2016,1,0,0.08394514832935757,250440000000,277035000000,297572000000,279385000000,252940000000,South America
124,Mary Joy Tabal,Philippines,3H 2M 27S,10947,0,0,1989-07-13,27,Women,Rio2016,1,0,0.013964691077844319,318627000000,328481000000,346842000000,376823000000,361489000000,Asia
125,Viviana Chavez,Argentina,3H 3M 23S,11003,0,0,1987-05-28,29,Women,Rio2016,1,0,0.10647789062239156,557531000000,643629000000,517627000000,445445000000,383067000000,South America
126,Claudette Mukasakindi,Rwanda,3H 5M 57S,11157,0,0,1982-12-25,33,Women,Rio2016,1,0,0.00473857393746503,8690485823,9253098954,9640280084,10355974217,10333991892,Africa
127,Chen Yu-hsuan,Taiwan,3H 9M 13S,11353,0,0,1993-01-16,23,Women,Rio2016,0,0,6.512636576530618e-4,NA,NA,NA,NA,NA,Asia
128,Graciete Santana,Brazil,3H 9M 15S,11355,0,0,1980-10-12,35,Women,Rio2016,1,0,0.09185060822219354,1795700000000,2063510000000,1916950000000,1877810000000,1444730000000,South America
129,Niluka Geethani Rajasekara,Sri Lanka,3H 11M 5S,11465,0,0,1982-03-17,34,Women,Rio2016,1,0,0.013603633264450748,82401038710,87421762729,87954272082,83975584254,80706600229,Asia
130,Natthaya Thanaronnawat,Thailand,3H 11M 31S,11491,0,0,1979-06-12,37,Women,Rio2016,1,0,0.006491864510329788,413366000000,456357000000,506611000000,544264000000,501795000000,Asia
131,Neo Jie Shi,Singapore,3H 15M 18S,11718,0,0,1985-05-20,31,Women,Rio2016,1,0,0.010903805127323304,318764000000,343338000000,375982000000,374386000000,339998000000,Asia
132,Sarah Attar,Saudi Arabia,3H 16M 11S,11771,0,0,1992-08-27,23,Women,Rio2016,1,0,0.01477704272265991,644936000000,688586000000,786522000000,792967000000,700118000000,Asia
133,Nary Ly,Cambodia,3H 20M 20S,12020,0,0,1972-06-06,44,Women,Rio2016,1,0,0.0042119218939969455,20016747754,22177200512,24571753584,27089389787,25291251427,Asia
–,Katarzyna Kowalska,Poland,NA,NA,0,1,1985-04-07,31,Women,Rio2016,1,0,0.0761452711544404,472630000000,526509000000,587409000000,595862000000,594165000000,Europe
–,Helah Kiprop,Kenya,NA,NA,0,1,1985-04-07,31,Women,Rio2016,1,0,0.00362853418087344,69188755364,78965004656,87778582964,95503088538,98842939649,Africa
–,Lornah Chemtai Korlima,Israel,NA,NA,0,1,1988-12-12,27,Women,Rio2016,1,0,0.0990101023148062,318617000000,352668000000,370456000000,394652000000,401954000000,Asia
–,Anna Incerti,Italy,NA,NA,0,1,1980-01-19,36,Women,Rio2016,1,0,0.07115883099002564,1875800000000,1956950000000,2091120000000,2004910000000,1886450000000,Europe
–,Christelle Daunay,France,NA,NA,0,1,1974-12-05,41,Women,Rio2016,1,0,0.0918954395032031,2471290000000,2588740000000,2789590000000,2728870000000,2630320000000,Africa
–,Alessandra Aguilar,Spain,NA,NA,0,1,1978-07-01,38,Women,Rio2016,1,0,0.09088392090280903,1232080000000,1309300000000,1420300000000,1393050000000,1281480000000,Europe
–,Souad Aït Salem,Algeria,NA,NA,0,1,1979-01-06,37,Women,Rio2016,1,0,0.003607964353322223,160034000000,170097000000,175415000000,171158000000,145164000000,Africa
–,Inés Melchor,Peru,NA,NA,0,1,1986-08-30,29,Women,Rio2016,1,0,0.06367620423800353,191896000000,211007000000,222575000000,228471000000,202014000000,South America
–,Kellys Arias,Colombia,NA,NA,0,1,1989-07-03,27,Women,Rio2016,1,0,0.09222295654468013,282825000000,311884000000,334198000000,323430000000,271347000000,South America
–,Olivera Jevtić,Serbia,NA,NA,0,1,1977-07-24,39,Women,Rio2016,1,0,0.08234308493288026,40692643373,44179055280,50640650221,51475016532,52960134079,Europe
–,Estela Navascués,Spain,NA,NA,0,1,1981-02-03,35,Women,Rio2016,1,0,0.09088392090280903,1232080000000,1309300000000,1420300000000,1393050000000,1281480000000,Europe
–,Liina Luik,Estonia,NA,NA,0,1,1985-10-14,30,Women,Rio2016,1,0,0.09964200072519541,24056487771,26857880622,30474612057,31045591753,30650285472,Europe
–,María Peralta,Argentina,NA,NA,0,1,1977-11-30,38,Women,Rio2016,1,0,0.10647789062239156,557531000000,643629000000,517627000000,445445000000,383067000000,South America
–,Tigist Tufa,Ethiopia,NA,NA,0,1,1987-01-26,29,Women,Rio2016,1,0,0.0024190703937959205,74296618481,81770791971,84269348327,95912590628,107645000000,Africa
–,Jéssica Augusto,Portugal,NA,NA,0,1,1981-11-08,34,Women,Rio2016,1,0,0.09250476648980892,206286000000,220811000000,242195000000,239511000000,231227000000,Europe
–,Nastassia Ivanova,Belarus,NA,NA,0,1,1982-11-04,33,Women,Rio2016,1,0,0.046316978754346476,47722657821,54726595249,60031262269,64409647194,60258239056,Europe
–,Shitaye Eshete,Bahrain,NA,NA,0,1,1990-05-21,26,Women,Rio2016,1,0,0.15763262797054273,32234973404,35473776596,37652500000,38474521277,NA,Asia
–,Gulzhanat Zhanatbek,Kazakhstan,NA,NA,0,1,1991-11-30,24,Women,Rio2016,1,0,0.030637267759463894,137278000000,166806000000,179340000000,181667000000,169835000000,Asia
–,Daniela Cârlan,Romania,NA,NA,0,1,1980-09-18,35,Women,Rio2016,1,0,0.056241339263223084,188129000000,211695000000,241457000000,249697000000,248716000000,Europe
–,Slađana Perunović,Montenegro,NA,NA,0,1,1984-03-26,32,Women,Rio2016,1,0,0.16059720218704523,4377033429,4856632399,5506767832,5542674765,4778582336,Europe
–,Sara Moreira,Portugal,NA,NA,0,1,1985-10-17,30,Women,Rio2016,1,0,0.09250476648980892,206286000000,220811000000,242195000000,239511000000,231227000000,Europe
–,Koutar Boulaid,Morocco,NA,NA,0,1,1989-10-10,26,Women,Rio2016,1,0,0.015381994495992177,103312000000,109683000000,118096000000,119700000000,112871000000,Africa
–,Daneja Grandovec,Slovenia,NA,NA,0,1,1984-07-02,32,Women,Rio2016,1,0,0.12432729882458878,44736333522,48469082710,54137142149,54178877606,53589609581,Europe
–,Irvette van Zyl,South Africa,NA,NA,0,0,1987-07-05,29,Women,Rio2016,1,0,0.03949387518085461,296357000000,349554000000,368289000000,351432000000,301924000000,Africa
